"Brand","Price","Processor_name","Core_per_processor","Total_processor","Execution_units","Threads","RAM_GB","RAM_type","Storage_capacity_GB","Storage_type","Graphics_brand","Graphics_GB","Graphics_integreted","Display_size_inches","ppi","Touch_screen","Operating_system"
"HP",50399,"AMD Ryzen 5",6,6,4,12,8,"DDR4",512," SSD","AMD",4,0,15.6,141.21,1,"Windows 11 OS"
"Lenovo",26690,"AMD Ryzen 3",4,4,4,8,8,"LPDDR5",512," SSD","AMD",4,0,15.6,141.21,0,"Windows 11 OS"
"HP",37012,"Intel Core i3",6,2,4,8,8,"DDR4",512," SSD","Intel",4,0,15.6,141.21,0,"Windows 11 OS"
"Samsung",69990,"Intel Core i5",12,4,8,16,16,"LPDDR5",512," SSD","Intel",2,0,13.3,165.63,0,"Windows 11 OS"
"Samsung",42990,"Intel Core i5",10,2,8,12,8,"LPDDR4",512," SSD","Intel",4,1,15.6,141.21,0,"Windows 11 OS"
"Xiaomi",102990,"Intel Core i9",24,8,16,32,16,"DDR5",1000," SSD","NVIDIA",8,0,16.1,187.51,0,"Windows 11 OS"
"Dell",33780,"Intel Core i3",6,2,4,8,8,"DDR4",512," SSD","Intel",4,0,15.6,141.21,0,"Windows 11 OS"
"HP",54990,"Intel Core i5",10,2,8,12,16,"DDR4",512," SSD","Intel",4,1,15.6,141.21,0,"Windows 11 OS"
"ASUS",55980,"Intel Core i5",12,4,8,16,16,"DDR4",512," SSD","Intel",4,0,15.6,141.21,0,"Windows 11 OS"
"Lenovo",26739,"AMD Ryzen 3",4,4,4,8,8,"DDR4",512," SSD","AMD",4,0,15.6,141.21,0,"Windows 11 OS"
"HP",81990,"AMD Ryzen 7",8,8,4,16,16,"DDR5",1000," SSD","NVIDIA",6,0,16.1,136.83,0,"Windows 11 OS"
"Zebronics",32990,"Intel Core i5",10,2,8,12,16,"DDR4",512," SSD","Intel",4,1,15.6,141.21,0,"Windows 11 OS"
"ASUS",79899,"Intel Core i7",8,8,4,16,16,"DDR4",1000," SSD","NVIDIA",4,0,15.6,141.21,0,"Windows 11 OS"
"Lenovo",59990,"Intel Core i5",8,4,4,12,16,"DDR5",512," SSD","NVIDIA",4,0,15.6,141.21,0,"Windows 11 OS"
"Apple",114900,"Apple M3",8,4,4,12,8,"Unified",256," SSD","Apple",4,0,13.6,224.51,0,"Mac OS"
"Dell",36940,"AMD Ryzen 5",6,6,4,12,8,"DDR4",512," SSD","AMD",2,0,15.6,141.21,0,"Windows 11 OS"
"ASUS",53890,"Intel Core i5",6,6,4,12,8,"DDR4",512," SSD","NVIDIA",4,0,15.6,141.21,0,"Windows 11 OS"
"Lenovo",33500,"AMD Ryzen 3",4,4,4,8,8,"DDR4",512," SSD","AMD",4,0,15.6,141.21,0,"Windows 11 OS"
"Gigabyte",69990,"Intel Core i7",10,6,4,16,16,"DDR4",512," SSD","NVIDIA",6,0,15,146.86,0,"Windows 11 OS"
"ASUS",46890,"AMD Ryzen 5",6,6,4,12,8,"DDR4",512," SSD","AMD",4,0,16,141.51,0,"Windows 11 OS"
"Apple",99900,"Apple M2",8,4,4,12,8,"DDR4",256," SSD","Apple",4,0,13.6,224.51,0,"Mac OS"
"Samsung",75990,"Intel Core i5",10,2,8,12,16,"LPDDR4X",512," SSD","Intel",4,0,15.6,141.21,0,"Windows 11 OS"
"HP",38990,"Intel Core i3",6,2,4,8,8,"DDR4",512," SSD","Intel",2,1,14,157.35,0,"Windows 11 OS"
"Samsung",299999,"Intel Core Ultra",16,6,8,22,32,"LPDDR5X",1000," SSD","NVIDIA",6,0,16,212.26,1,"Windows 11 OS"
"ASUS",39800,"Intel Core i3",10,2,8,12,8,"DDR4",512," SSD","Intel",4,0,15.6,141.21,0,"Windows 11 OS"
"Lenovo",44990,"AMD Ryzen 7",8,8,4,16,8,"DDR4",512," SSD","AMD",4,0,15.6,141.21,0,"Windows 11 OS"
"Acer",112490,"Intel Core i7",16,8,8,24,16,"DDR5",1000," SSD","NVIDIA",6,0,16,141.51,0,"Windows 11 OS"
"HP",44990,"AMD Ryzen 5",6,6,4,12,8,"DDR4",512," SSD","NVIDIA",4,0,16.1,136.83,0,"Windows 11 OS"
"HP",61990,"Intel Core i5",8,4,4,12,16,"DDR4",512," SSD","NVIDIA",4,0,16.1,136.83,0,"Windows 11 OS"
"Dell",81990,"Intel Core i5",10,6,4,16,16,"DDR5",1000," SSD","NVIDIA",6,0,15.6,141.21,0,"Windows 11 OS"
"ASUS",94990,"AMD Ryzen 9",8,8,4,16,16,"LPDDR5",512," SSD","NVIDIA",4,0,13.4,168.97,1,"Windows 11 OS"
"ASUS",102499,"Intel Core i7",14,6,8,20,16,"DDR4",512," SSD","NVIDIA",8,0,15.6,141.21,0,"Windows 11 OS"
"Dell",69999,"Intel Core i5",12,4,8,16,16,"DDR5",512," SSD","Intel",4,1,14,157.35,0,"Windows 11 OS"
"Lenovo",75990,"Intel Core Ultra",14,4,8,18,16,"LPDDR5",1000," SSD","Intel",4,0,16,141.51,0,"Windows 11 OS"
"Zebronics",27990,"Intel Core i5",4,4,4,8,16,"LPDDR4X",512," SSD","Intel",2,1,15.6,141.21,0,"Windows 11 OS"
"MSI",94990,"Intel Core i7",10,6,4,16,16,"DDR5",1000," SSD","NVIDIA",8,0,15.6,141.21,0,"Windows 11 OS"
"ASUS",99990,"AMD Ryzen 9",8,8,4,16,16,"LPDDR5",1000," SSD","NVIDIA",4,0,13.4,168.97,1,"Windows 11 OS"
"ASUS",61990,"Intel Core i5",6,6,4,12,16,"DDR4",512," SSD","NVIDIA",4,0,15.6,141.21,0,"Windows 11 OS"
"ASUS",55200,"AMD Ryzen 7",8,8,4,16,16,"DDR4",512," SSD","AMD",4,0,16,141.51,0,"Windows 11 OS"
"Samsung",72990,"Intel Core i5",12,4,8,16,16,"LPDDR5",512," SSD","Intel",4,0,13.3,165.63,1,"Windows 11 OS"
"HP",96999,"Intel Core Ultra",12,2,8,14,16,"LPDDR5",512," SSD","Intel",2,1,14,161.73,1,"Windows 11 OS"
"HP",138990,"Intel Core i7",20,8,12,28,16,"DDR5",1000," SSD","NVIDIA",8,0,16.1,136.83,0,"Windows 11 OS"
"Dell",99990,"Intel Core i7",14,6,8,20,16,"DDR5",1000," SSD","NVIDIA",6,0,15.6,141.21,0,"Windows 11 OS"
"Lenovo",64990,"Intel Core i5",12,4,8,16,16,"LPDDR5",512," SSD","Intel",4,1,14,188.68,0,"Windows 11 OS"
"Lenovo",32990,"Intel Core i3",6,2,4,8,8,"DDR4",512," SSD","Intel",4,0,15.6,141.21,0,"Windows 11 OS"
"HP",47990,"Intel Core i5",10,2,8,12,8,"DDR4",512," SSD","Intel",4,1,15.6,141.21,0,"Windows 11 OS"
"Acer",53990,"Intel Core i5",8,4,4,12,16,"DDR4",512," SSD","NVIDIA",4,0,15.6,141.21,0,"Windows 11 OS"
"Infinix",74990,"Intel Core i9",14,6,8,20,32,"LPDDR5X",1000," SSD","Intel",4,1,15.6,141.21,0,"Windows 11 OS"
"ASUS",86990,"Intel Core i7",10,6,4,16,16,"DDR4",512," SSD","NVIDIA",6,0,16,141.51,0,"Windows 11 OS"
"HP",19979,"AMD Athlon",2,1,4,2,4,"DDR4",256," SSD","AMD",2,1,15.6,100.45,0,"DOS OS"
"MSI",37990,"AMD Ryzen 5",6,6,4,12,16,"DDR4",512," SSD","AMD",4,0,14,157.35,0,"Windows 11 OS"
"Dell",48990,"Intel Core i5",10,2,8,12,8,"DDR4",512," SSD","Intel",4,0,15.6,141.21,0,"Windows 11 OS"
"ASUS",31990,"Intel Core i3",2,2,4,4,8,"DDR4",512," SSD","Intel",4,1,15.6,141.21,1,"Windows 11 OS"
"Lenovo",55390,"Intel Core i5",8,4,4,12,16,"LPDDR5",512," SSD","Intel",4,1,14,157.35,0,"Windows 11 OS"
"HP",96990,"AMD Ryzen 7",8,8,4,16,16,"LPDDR5",512," SSD","AMD",4,0,14,161.73,1,"Windows 11 OS"
"HP",37490,"Intel Core i3",6,2,4,8,8,"DDR4",512," SSD","Intel",4,0,15.6,141.21,0,"Windows 11 OS"
"ASUS",109990,"Intel Core i9",14,6,8,20,16,"LPDDR5",1000," SSD","Intel",6,0,15.6,211.82,0,"Windows 11 OS"
"Honor",46990,"Intel Core i5",8,4,4,12,16,"LPDDR4X",512," SSD","Intel",4,0,16,141.51,0,"Windows 11 OS"
"Lenovo",39990,"AMD Ryzen 5",6,6,4,12,8,"DDR4",512," SSD","AMD",4,0,15.6,141.21,0,"Windows 11 OS"
"HP",65990,"Intel Core i5",8,4,4,12,16,"DDR4",512," SSD","NVIDIA",4,0,15.6,141.21,0,"Windows 11 OS"
"Zebronics",27990,"Intel Core i3",6,2,4,8,8,"DDR4",512," SSD","Intel",4,1,15.6,141.21,0,"Windows 11 OS"
"Acer",78052,"Intel Core i5",8,4,4,12,16,"DDR5",512," SSD","NVIDIA",6,0,15.6,141.21,0,"Windows 11 OS"
"HP",79990,"AMD Ryzen 7",8,8,4,16,16,"DDR5",512," SSD","NVIDIA",6,0,16.1,136.83,0,"Windows 11 OS"
"MSI",52990,"Intel Core i5",6,6,4,12,16,"DDR4",1256,"Hard Disk & SSD","NVIDIA",4,0,15.6,141.21,0,"Windows 11 OS"
"ASUS",25990,"Intel Celeron",2,1,4,2,4,"DDR4",256," SSD","Intel",4,1,15.6,141.21,0,"Windows 11 OS"
"Lenovo",55990,"AMD Ryzen 5",6,6,4,12,16,"DDR5",512," SSD","NVIDIA",4,0,15.6,141.21,0,"Windows 11 OS"
"ASUS",57990,"Intel Core i5",6,6,4,12,16,"DDR4",512," SSD","NVIDIA",4,0,15.6,141.21,0,"Windows 11 OS"
"HP",68990,"Intel Core i5",8,4,4,12,16,"DDR4",512," SSD","NVIDIA",4,0,15.6,141.21,0,"Windows 11 OS"
"HP",25580,"AMD Ryzen 3",2,2,4,4,8,"DDR4",512," SSD","AMD",2,0,15.6,141.21,0,"Windows 11 OS"
"Samsung",52990,"Intel Core i5",10,2,8,12,16,"LPDDR4",512," SSD","Intel",2,1,15.6,141.21,0,"Windows 11 OS"
"Apple",154900,"Apple M3",8,4,4,12,8,"DDR4",512," SSD","Apple",8,0,15.3,224.22,0,"Mac OS"
"Lenovo",54990,"AMD Ryzen 5",6,6,4,12,16,"DDR4",512," SSD","NVIDIA",4,0,15.6,141.21,0,"Windows 11 OS"
"Lenovo",76990,"Intel Core Ultra",14,4,8,18,16,"LPDDR5",1000," SSD","Intel",4,0,14,161.73,0,"Windows 11 OS"
"ASUS",329990,"Intel Core i9",24,8,16,32,32,"DDR5",2000," SSD","NVIDIA",16,0,16,188.68,0,"Windows 11 OS"
"HP",69990,"AMD Ryzen 7",8,8,4,16,16,"DDR4",1000," SSD","AMD",6,0,15.6,141.21,0,"Windows 11 OS"
"Acer",34299,"Intel Core i3",6,2,4,8,16,"DDR4",512," SSD","Intel",4,0,15.6,141.21,0,"Windows 11 OS"
"MSI",599990,"Intel Core i9",16,6,8,22,32,"DDR5",2000," SSD","NVIDIA",16,0,18,251.57,0,"Windows 11 OS"
"Samsung",199990,"Intel Core Ultra",16,6,8,22,16,"LPDDR5X",512," SSD","Intel",4,0,16,212.26,1,"Windows 11 OS"
"Xiaomi",52990,"Intel Core i5",12,4,8,16,16,"LPDDR5",512," SSD","Intel",2,0,16,188.68,0,"Windows 11 OS"
"Apple",399900,"Apple M3",16,12,4,28,48,"Unified",1000," SSD","Apple",16,0,16.2,254.02,0,"Mac OS"
"Acer",32390,"Intel Core i3",6,2,4,8,8,"DDR4",512," SSD","Intel",4,0,15.6,141.21,0,"Windows 11 OS"
"ASUS",53990,"Intel Core i5",6,6,4,12,8,"DDR4",512," SSD","NVIDIA",4,0,15.6,141.21,0,"Windows 11 OS"
"HP",52499,"AMD Ryzen 5",6,6,4,12,16,"DDR4",512," SSD","AMD",4,0,15.6,141.21,0,"Windows 11 OS"
"Acer",37490,"AMD Ryzen 5",6,6,4,12,16,"DDR4",512," SSD","AMD",2,0,15.6,141.21,0,"Windows 11 OS"
"HP",89990,"Intel Core i5",8,4,4,12,16,"DDR5",512," SSD","NVIDIA",6,0,16.1,136.83,0,"Windows 11 OS"
"ASUS",64990,"Intel Core i7",10,6,4,16,16,"DDR4",512," SSD","Intel",4,0,15.6,141.21,0,"Windows 11 OS"
"Acer",57990,"Intel Core i5",8,4,4,12,16,"DDR4",512," SSD","NVIDIA",4,0,15.6,141.21,0,"Windows 11 OS"
"ASUS",89990,"AMD Ryzen 7",8,8,4,16,16,"DDR5",512," SSD","NVIDIA",6,0,15.6,141.21,0,"Windows 11 OS"
"HP",133999,"Intel Core Ultra",12,2,8,14,32,"LPDDR5",1000," SSD","Intel",4,1,14,161.73,1,"Windows 11 OS"
"ASUS",149990,"Intel Core i9",14,6,8,20,16,"DDR5",1000," SSD","NVIDIA",6,0,16,235.85,0,"Windows 11 OS"
"HP",112990,"AMD Ryzen 7",8,8,4,16,16,"DDR5",1000," SSD","NVIDIA",8,0,16.1,182.44,0,"Windows 11 OS"
"Acer",69990,"AMD Ryzen 7",8,8,4,16,16,"DDR5",512," SSD","NVIDIA",4,0,15.6,141.21,0,"Windows 11 OS"
"HP",38990,"AMD Ryzen 5",6,6,4,12,8,"DDR4",512," SSD","AMD",4,0,15.6,141.21,0,"Windows 11 OS"
"Dell",108000,"Intel Core i5",10,2,8,12,8,"DDR4",512," SSD","Intel",4,0,14,111.94,0,"Windows 11 OS"
"Lenovo",55390,"Intel Core i5",8,4,4,12,16,"LPDDR5",512," SSD","Intel",4,1,15.6,141.21,0,"Windows 11 OS"
"Apple",133553,"Apple M3",8,4,4,12,8,"DDR4",256," SSD","Apple",8,0,15.3,224.22,0,"Mac OS"
"Samsung",70990,"Intel Core i5",10,2,8,12,8,"LPDDR4X",512," SSD","Intel",4,0,15.6,141.21,0,"Windows 11 OS"
"MSI",197990,"Intel Core i7",20,8,12,28,32,"DDR5",1000," SSD","NVIDIA",8,0,16,188.68,0,"Windows 11 OS"
"Lenovo",35500,"Intel Core i3",2,2,4,4,8,"DDR4",512," SSD","Intel",4,0,15.6,141.21,0,"Windows 11 OS"
"Acer",49499,"Intel Core i7",4,4,4,8,16,"DDR4",512," SSD","Intel",4,0,15.6,141.21,0,"Windows 11 OS"
"HP",122000,"Intel Core i7",10,2,8,12,16,"LPDDR5",1000," SSD","NVIDIA",4,0,15.6,141.21,1,"Windows 11 OS"
"Lenovo",43490,"Intel Core i5",10,2,8,12,8,"DDR4",512," SSD","Intel",2,1,14,157.35,0,"DOS OS"
"Lenovo",79990,"Intel Core Ultra",14,4,8,18,16,"LPDDR5",1000," SSD","Intel",4,0,14,161.73,0,"Windows 11 OS"
"HP",175999,"Intel Core Ultra",16,6,8,22,16,"LPDDR5X",1000," SSD","NVIDIA",8,0,14,242.59,0,"Windows 11 OS"
"HP",135999,"AMD Ryzen 7",8,8,4,16,32,"DDR5",1000," SSD","NVIDIA",8,0,16,183.58,0,"Windows 11 OS"
"HP",58490,"Intel Core i5",8,4,4,12,8,"DDR4",512," SSD","NVIDIA",4,0,15.6,141.21,0,"Windows 11 OS"
"Lenovo",53490,"Intel Core i5",8,4,4,12,16,"LPDDR5",512," SSD","Intel",4,1,15.6,141.21,0,"Windows 11 OS"
"Lenovo",149990,"Intel Core i9",24,8,16,32,32,"DDR5",1000," SSD","NVIDIA",8,0,16,188.68,0,"Windows 11 OS"
"Infinix",33990,"Intel Core i5",4,4,4,8,16,"LPDDR4X",512," SSD","Intel",4,1,15.6,141.21,0,"Windows 11 OS"
"Lenovo",69990,"AMD Ryzen 7",8,8,4,16,16,"DDR4",512," SSD","NVIDIA",4,0,15.6,141.21,0,"Windows 11 OS"
"HP",65990,"Intel Core i5",8,4,4,12,16,"DDR4",1000," SSD","NVIDIA",4,0,15.6,141.21,0,"Windows 11 OS"
"Apple",186899,"Apple M3",11,5,6,16,18,"Unified",512," SSD","Apple",8,0,14.2,253.93,0,"Mac OS"
"Dell",69990,"Intel Core i7",10,2,8,12,16,"DDR4",512," SSD","Intel",4,0,15.6,141.21,0,"Windows 11 OS"
"Infinix",25990,"Intel Core i5",4,4,4,8,8,"LPDDR4X",512," SSD","Intel",4,1,15.6,141.21,0,"Windows 11 OS"
"HP",36512,"Intel Core i3",6,2,4,8,8,"DDR4",512," SSD","Intel",2,1,15.6,141.21,0,"Windows 11 OS"
"Zebronics",43990,"Intel Core i7",10,2,8,12,16,"DDR4",1000," SSD","Intel",4,1,15.6,141.21,0,"Windows 11 OS"
"MSI",49990,"AMD Ryzen 5",6,6,4,12,8,"DDR5",512," SSD","AMD",4,0,15.6,141.21,0,"Windows 11 OS"
"ASUS",28990,"Intel Core i3",2,2,4,4,8,"DDR4",256," SSD","Intel",2,1,15.6,141.21,0,"Windows 11 OS"
"ASUS",72990,"Intel Core i7",8,8,4,16,16,"DDR4",512," SSD","NVIDIA",4,0,15.6,141.21,0,"Windows 11 OS"
"MSI",41990,"Intel Core i5",6,6,4,12,8,"DDR4",512," SSD","NVIDIA",4,0,15.6,141.21,0,"Windows 11 OS"
"HP",60200,"Intel Core i5",6,6,4,12,16,"DDR4",512," SSD","NVIDIA",4,0,16.1,136.83,0,"Windows 11 OS"
"Infinix",18990,"Intel Celeron",4,1,4,4,4,"LPDDR4X",128," SSD","Intel",4,1,15.6,141.21,0,"Windows 11 OS"
"ASUS",58990,"Intel Core i5",12,4,8,16,16,"DDR4",512," SSD","Intel",4,0,15.6,141.21,0,"Windows 11 OS"
"HP",64990,"AMD Ryzen 7",8,8,4,16,16,"DDR4",512," SSD","NVIDIA",4,0,15.6,141.21,0,"Windows 11 OS"
"Dell",145990,"Intel Core i7",14,6,8,20,16,"DDR5",512," SSD","NVIDIA",8,0,15.6,141.21,0,"Windows 11 OS"
"HP",37990,"Intel Core i3",6,2,4,8,8,"DDR4",512," SSD","Intel",4,0,15.6,141.21,0,"Windows 11 OS"
"HP",67990,"Intel Core i5",8,4,4,12,16,"DDR4",512," SSD","NVIDIA",4,0,15.6,141.21,0,"Windows 11 OS"
"ASUS",65990,"Intel Core i5",12,4,8,16,16,"DDR4",512," SSD","Intel",4,1,14,161.73,0,"Windows 11 OS"
"HP",49490,"AMD Ryzen 5",6,6,4,12,8,"DDR4",512," SSD","AMD",4,0,15.6,141.21,0,"Windows 11 OS"
"HP",77490,"Intel Core i5",10,2,8,12,16,"DDR4",1000," SSD","Intel",4,1,14,157.35,1,"Windows 11 OS"
"MSI",489883,"Intel Core i9",14,6,8,20,64,"DDR5",2000," SSD","NVIDIA",12,0,17.3,254.67,0,"Windows 11 OS"
"Dell",99890,"Intel Core i7",14,6,8,20,16,"DDR5",1000," SSD","NVIDIA",6,0,15.6,188.28,0,"Windows 11 OS"
"Acer",52990,"Intel Core i5",12,4,8,16,16,"DDR4",512," SSD","NVIDIA",4,0,15.6,141.21,0,"Windows 11 OS"
"Apple",119900,"Apple M2",8,4,4,12,8,"Unified",512," SSD","Apple",4,0,13.6,224.51,0,"Mac OS"
"ASUS",74990,"Intel Core i5",12,4,8,16,16,"DDR4",512," SSD","Intel",4,0,14,242.59,0,"Windows 11 OS"
"Dell",184999,"Intel Core i7",6,6,4,12,16,"DDR4",512," SSD","NVIDIA",4,0,15.6,145.14,0,"Windows 10 OS"
"ASUS",67990,"Intel Core i5",10,2,8,12,16,"DDR4",512," SSD","Intel",4,1,15.6,141.21,0,"Windows 11 OS"
"MSI",119990,"AMD Ryzen 7",8,8,4,16,16,"DDR5",1000," SSD","NVIDIA",8,0,17.3,127.34,0,"Windows 11 OS"
"Lenovo",297758,"Intel Core i9",24,8,16,32,32,"DDR5",1000," SSD","NVIDIA",12,0,16,188.68,0,"Windows 11 OS"
"Samsung",85990,"Intel Core i7",10,2,8,12,16,"LPDDR4X",512," SSD","Intel",4,0,15.6,141.21,0,"Windows 11 OS"
"Xiaomi",69990,"Intel Core Ultra",14,4,8,18,32,"LPDDR5X",1000," SSD","Intel",4,0,16,226.42,0,"Windows 11 OS"
"Xiaomi",59990,"Intel Core Ultra",14,4,8,18,16,"LPDDR5X",512," SSD","Intel",4,0,14,242.59,0,"Windows 11 OS"
"Lenovo",349990,"Intel Core i9",24,8,16,32,64,"DDR5",2000," SSD","NVIDIA",16,0,16,235.85,0,"Windows 11 OS"
"HP",70490,"Intel Core i5",10,2,8,12,16,"LPDDR5X",512," SSD","Intel",4,0,14,161.73,0,"Windows 11 OS"
"Lenovo",109990,"AMD Ryzen 7",8,8,4,16,32,"LPDDR5X",512," SSD","AMD",4,1,14,161.73,0,"Windows 11 OS"
"HP",86990,"AMD Ryzen 5",6,6,4,12,16,"LPDDR5",512," SSD","AMD",4,0,14,161.73,1,"Windows 11 OS"
"HP",55990,"AMD Ryzen 5",6,6,4,12,16,"DDR4",1000," SSD","AMD",4,0,15.6,141.21,0,"Windows 11 OS"
"Lenovo",59390,"Intel Core i5",8,4,4,12,16,"LPDDR5",512," SSD","Intel",4,1,15.6,141.21,0,"Windows 11 OS"
"Infinix",24990,"Intel Core i3",2,2,4,4,8,"LPDDR4X",512," SSD","Intel",2,1,15.6,141.21,0,"Windows 11 OS"
"Lenovo",33990,"AMD Ryzen 5",4,4,4,8,8,"LPDDR5",512," SSD","AMD",4,0,15.6,141.21,0,"Windows 11 OS"
"HP",105990,"Intel Core Ultra",12,2,8,14,16,"LPDDR5",512," SSD","Intel",4,1,14,242.59,1,"Windows 11 OS"
"ASUS",149990,"Intel Core Ultra",16,6,8,22,16,"LPDDR5X",512," SSD","Intel",6,0,14,242.59,0,"Windows 11 OS"
"Lenovo",35490,"AMD Ryzen 5",6,6,4,12,8,"DDR4",512," SSD","AMD",4,0,15.6,141.21,0,"Windows 11 OS"
"Lenovo",98790,"AMD Ryzen 7",8,8,4,16,16,"DDR5",512," SSD","NVIDIA",8,0,15.6,141.21,0,"Windows 11 OS"
"Lenovo",24790,"AMD Athlon",2,1,4,2,8,"LPDDR5",512," SSD","AMD",4,0,15.6,141.21,0,"Windows 11 OS"
"Apple",154990,"Apple M3",8,4,4,12,8,"Unified",512," SSD","Apple",6,0,14.2,253.93,0,"Mac OS"
"Acer",39999,"AMD Ryzen 5",6,6,4,12,16,"DDR4",1000," SSD","AMD",4,0,15.6,141.21,0,"Windows 11 OS"
"HP",52850,"AMD Ryzen 5",6,6,4,12,8,"DDR5",512," SSD","NVIDIA",4,0,15.6,141.21,0,"Windows 11 OS"
"Zebronics",23990,"Intel Core i3",4,4,4,8,8,"LPDDR4",512," SSD","Intel",4,1,15.6,141.21,0,"Windows 11 OS"
"ASUS",80739,"Intel Core i9",14,6,8,20,16,"DDR4",512," SSD","Intel",4,1,16,141.51,0,"Windows 11 OS"
"Dell",52249,"Intel Core i5",10,2,8,12,16,"DDR4",512," SSD","Intel",2,1,15.6,141.21,0,"Windows 11 OS"
"HP",48990,"Intel Core i5",10,2,8,12,8,"DDR4",512," SSD","Intel",4,0,15.6,141.21,0,"Windows 11 OS"
"HP",85990,"Intel Core i7",10,6,4,16,16,"DDR4",1000," SSD","NVIDIA",4,0,15.6,141.21,0,"Windows 11 OS"
"HP",81990,"AMD Ryzen 7",8,8,4,16,16,"DDR5",1000," SSD","NVIDIA",4,0,16.1,136.83,0,"Windows 11 OS"
"HP",79990,"Intel Core i7",10,6,4,16,16,"DDR4",512," SSD","NVIDIA",4,0,15.6,141.21,0,"Windows 11 OS"
"Lenovo",79990,"AMD Ryzen 7",8,8,4,16,16,"DDR5",512," SSD","NVIDIA",6,0,15.6,141.21,0,"Windows 11 OS"
"HP",126499,"Intel Core i7",16,8,8,24,16,"DDR5",1000," SSD","NVIDIA",8,0,16.1,136.83,0,"Windows 11 OS"
"ASUS",74990,"Intel Core i5",12,4,8,16,16,"LPDDR5",512," SSD","Intel",4,0,14,242.59,0,"Windows 11 OS"
"ASUS",119000,"Intel Core i7",14,6,8,20,16,"DDR4",1000," SSD","NVIDIA",6,0,16,188.68,0,"Windows 11 OS"
"HP",72490,"Intel Core i5",12,4,8,16,16,"DDR4",512," SSD","Intel",4,0,14,188.68,0,"Windows 11 OS"
"Infinix",49990,"Intel Core i5",12,4,8,16,16,"LPDDR5X",512," SSD","Intel",4,1,15.6,141.21,0,"Windows 11 OS"
"ASUS",72990,"Intel Core i5",12,4,8,16,16,"DDR4",512," SSD","NVIDIA",4,0,15.6,141.21,0,"Windows 11 OS"
"Dell",72990,"Intel Core i5",12,4,8,16,16,"LPDDR5",512," SSD","Intel",4,0,16,188.68,0,"Windows 11 OS"
"Acer",31990,"Intel Core i3",6,2,4,8,8,"DDR4",512," SSD","Intel",4,0,15.6,141.21,0,"Windows 11 OS"
"Infinix",25990,"Intel Core i3",2,2,4,4,8,"LPDDR4X",512," SSD","Intel",2,1,14,157.35,0,"Windows 11 OS"
"Lenovo",27999,"Intel Core i3",6,2,4,8,8,"DDR4",512," SSD","Intel",2,1,14,157.35,0,"DOS OS"
"ASUS",56990,"AMD Ryzen 7",8,8,4,16,16,"DDR4",512," SSD","AMD",4,0,15.6,141.21,0,"Windows 11 OS"
"HP",70490,"Intel Core i5",12,4,8,16,16,"DDR4",512," SSD","Intel",4,1,15.6,141.21,0,"Windows 11 OS"
"ASUS",114990,"Intel Core i5",12,4,8,16,16,"DDR5",512," SSD","NVIDIA",6,0,16,235.85,0,"Windows 11 OS"
"Acer",31990,"AMD Ryzen 5",4,4,4,8,8,"LPDDR5",512," SSD","AMD",4,0,15.6,141.21,0,"Windows 11 OS"
"HP",195999,"Intel Core i9",16,8,8,24,32,"DDR5",2000," SSD","NVIDIA",16,0,17.3,169.78,0,"Windows 11 OS"
"HP",51990,"Intel Core i5",10,2,8,12,8,"DDR4",512," SSD","Intel",4,0,15.6,141.21,0,"Windows 11 OS"
"Dell",93003,"AMD Ryzen 7",8,8,4,16,16,"DDR5",512," SSD","NVIDIA",6,0,15.6,141.21,0,"Windows 11 OS"
"Dell",71990,"Intel Core i5",12,4,8,16,16,"DDR5",512," SSD","NVIDIA",4,0,15.6,141.21,0,"Windows 11 OS"
"HP",84700,"Intel Core i7",12,4,8,16,16,"DDR4",512," SSD","Intel",6,0,15.6,141.21,0,"Windows 11 OS"
"Lenovo",96990,"Intel Core i7",10,2,8,12,16,"DDR4",512," SSD","Intel",4,0,14,161.73,0,"Windows 11 OS"
"Lenovo",55490,"Intel Core i5",10,2,8,12,8,"DDR4",512," SSD","Intel",4,1,14,157.35,0,"Windows 11 OS"
"ASUS",49990,"Intel Core i3",6,2,4,8,16,"DDR4",512," SSD","Intel",4,1,15.6,141.21,0,"Windows 11 OS"
"Lenovo",44990,"Intel Core i3",6,2,4,8,8,"DDR4",512," SSD","Intel",2,1,14,157.35,0,"Windows 11 OS"
"HP",74490,"Intel Core i5",8,4,4,12,16,"DDR4",512," SSD","NVIDIA",4,0,15.6,141.21,0,"Windows 11 OS"
"MSI",114990,"Intel Core Ultra",16,6,8,22,16,"DDR5",1000," SSD","NVIDIA",8,0,15.6,141.21,0,"Windows 11 OS"
"MSI",299990,"Intel Core i9",24,8,16,32,32,"DDR5",2000," SSD","NVIDIA",12,0,17,177.58,0,"Windows 11 OS"
"Apple",134900,"Apple M3",8,4,4,12,8,"Unified",512," SSD","Apple",6,0,13.6,224.51,0,"Mac OS"
"Apple",174900,"Apple M3",8,4,4,12,16,"Unified",512," SSD","Apple",8,0,15.3,224.22,0,"Mac OS"
"HP",105990,"Intel Core i7",16,8,8,24,16,"DDR5",1000," SSD","NVIDIA",6,0,16.1,182.44,0,"Windows 11 OS"
"Samsung",138990,"Intel Core i7",10,2,8,12,16,"LPDDR5",1000," SSD","Intel",4,0,15.6,141.21,1,"Windows 11 OS"
"Samsung",163990,"Intel Core Ultra",16,6,8,22,16,"LPDDR5X",512," SSD","Intel",6,0,16,212.26,1,"Windows 11 OS"
"Samsung",114990,"Intel Core i5",10,2,8,12,16,"LPDDR5",512," SSD","Intel",4,0,15.6,141.21,1,"Windows 11 OS"
"Dell",64990,"Intel Core i5",12,4,8,16,16,"DDR4",512," SSD","Intel",4,1,16,137.68,0,"Windows 11 OS"
"MSI",169990,"Intel Core Ultra",16,6,8,22,32,"LPDDR5",1000," SSD","NVIDIA",8,0,16,188.68,0,"Windows 11 OS"
"ASUS",139990,"Intel Core Ultra",12,2,8,14,32,"LPDDR5X",1000," SSD","Intel",4,1,13.3,255.36,0,"Windows 11 OS"
"MSI",119990,"Intel Core Ultra",16,6,8,22,16,"LPDDR5",1000," SSD","Intel",6,1,16,188.73,0,"Windows 11 OS"
"Samsung",171990,"Intel Core Ultra",16,6,8,22,32,"LPDDR5X",1000," SSD","Intel",4,0,14,242.59,1,"Windows 11 OS"
"Samsung",149990,"Intel Core Ultra",16,6,8,22,16,"LPDDR5X",512," SSD","Intel",6,0,16,212.26,1,"Windows 11 OS"
"ASUS",129990,"Intel Core Ultra",12,2,8,14,16,"LPDDR5X",1000," SSD","Intel",4,1,13.3,255.36,0,"Windows 11 OS"
"HP",108999,"Intel Core Ultra",12,2,8,14,16,"LPDDR5",512," SSD","Intel",4,1,14,161.73,1,"Windows 11 OS"
"ASUS",30990,"Intel Pentium",2,2,4,4,8,"DDR4",256," SSD","Intel",4,1,15.6,141.21,0,"Windows 11 OS"
"HP",60799,"Intel Core i5",10,2,8,12,16,"DDR4",512," SSD","Intel",4,1,15.6,141.21,0,"Windows 11 OS"
"ASUS",102900,"Intel Core Ultra",14,4,8,18,16,"LPDDR5X",1000," SSD","Intel",4,0,14,242.59,1,"Windows 11 OS"
"HP",54990,"Intel Core i3",6,2,4,8,8,"DDR4",512," SSD","Intel",4,1,14,157.35,1,"Windows 11 OS"
"Acer",38249,"Intel Core i3",6,2,4,8,16,"DDR4",1000," SSD","Intel",4,0,15.6,141.21,0,"Windows 11 OS"
"Infinix",43990,"Intel Core i5",10,2,8,12,16,"LPDDR4X",512," SSD","Intel",4,1,16,141.51,0,"Windows 11 OS"
"Lenovo",54990,"Intel Core i5",8,4,4,12,16,"LPDDR5",512," SSD","Intel",4,1,15.6,141.21,0,"Windows 11 OS"
"Lenovo",102990,"Intel Core i7",14,6,8,20,16,"DDR5",512," SSD","NVIDIA",6,0,15.6,141.21,0,"Windows 11 OS"
"ASUS",53990,"Intel Core i5",6,6,4,12,8,"DDR4",512," SSD","NVIDIA",4,0,17,129.58,0,"Windows 11 OS"
"Infinix",36990,"Intel Core i3",6,2,4,8,16,"LPDDR4X",512," SSD","Intel",2,1,16,141.51,0,"Windows 11 OS"
"HP",24900,"AMD Ryzen 3",2,2,4,4,8,"DDR4",512," SSD","AMD",4,0,14,111.94,0,"DOS OS"
"Xiaomi",49990,"Intel Core i5",12,4,8,16,16,"LPDDR5",512," SSD","Intel",2,0,14,242.59,0,"Windows 11 OS"
"Samsung",129900,"Intel Core i7",10,2,8,12,16,"LPDDR5",512," SSD","Intel",4,0,13.3,165.63,1,"Windows 11 OS"
"HP",50790,"Intel Core i5",4,4,4,8,16,"DDR4",512," SSD","Intel",4,0,15.6,141.21,0,"Windows 11 OS"
"HP",106590,"AMD Ryzen 7",8,8,4,16,16,"DDR5",1000," SSD","NVIDIA",6,0,16.1,136.83,0,"Windows 11 OS"
"HP",38990,"Intel Core i3",6,2,4,8,8,"DDR4",512," SSD","Intel",4,0,15.6,141.21,0,"Windows 11 OS"
"HP",103990,"AMD Ryzen 7",8,8,4,16,16,"DDR5",1000," SSD","NVIDIA",6,0,16.1,136.83,0,"Windows 11 OS"
"Acer",32490,"AMD Ryzen 5",4,4,4,8,8,"LPDDR5",512," SSD","AMD",4,0,15.6,141.21,0,"Windows 11 OS"
"ASUS",16490,"Intel Celeron",2,1,4,2,8,"DDR4",128," SSD","Intel",2,0,11.6,135.09,0,"Windows 11 OS"
"HP",33690,"Intel Core i3",6,2,4,8,8,"DDR4",512," SSD","Intel",4,1,15.6,100.45,0,"Windows 11 OS"
"Acer",60999,"Intel Core i5",8,4,4,12,16,"DDR4",512," SSD","NVIDIA",4,0,15.6,141.21,0,"Windows 11 OS"
"Zebronics",40990,"Intel Core i7",10,2,8,12,16,"DDR4",512," SSD","Intel",2,1,15.6,141.21,0,"Windows 11 OS"
"ASUS",81990,"AMD Ryzen 7",8,8,4,16,16,"DDR5",512," SSD","NVIDIA",4,0,17.3,127.34,0,"Windows 11 OS"
"HP",59990,"Intel Core i5",8,4,4,12,8,"DDR4",512," SSD","NVIDIA",4,0,15.6,141.21,0,"Windows 11 OS"
"Chuwi",27990,"Intel Core i3",6,2,4,8,12,"LPDDR4",512," SSD","Intel",2,1,13.5,200.84,1,"Windows 11 OS"
"Lenovo",94190,"AMD Ryzen 7",8,8,4,16,16,"DDR5",1000," SSD","AMD",4,0,14,242.59,1,"Windows 11 OS"
"HP",54990,"AMD Ryzen 5",6,6,4,12,8,"DDR5",512," SSD","NVIDIA",4,0,15.6,141.21,0,"Windows 11 OS"
"HP",34990,"Intel Core i3",6,2,4,8,8,"DDR4",512," SSD","Intel",4,1,15.6,100.45,0,"Windows 11 OS"
"Acer",29990,"AMD Ryzen 5",6,6,4,12,8,"DDR4",512," SSD","AMD",4,0,14,111.94,0,"Windows 11 OS"
"Infinix",29990,"Intel Core i3",6,2,4,8,8,"LPDDR4X",512," SSD","Intel",4,1,14,157.35,0,"Windows 11 OS"
"ASUS",89650,"Intel Core i7",14,6,8,20,16,"DDR5",1000," SSD","NVIDIA",4,0,15.6,141.21,0,"Windows 11 OS"
"HP",70490,"Intel Core i5",10,2,8,12,16,"DDR4",1000," SSD","Intel",4,1,15.6,141.21,0,"Windows 11 OS"
"MSI",110990,"Intel Core i7",10,6,4,16,16,"DDR5",1000," SSD","NVIDIA",8,0,17.3,127.34,0,"Windows 11 OS"
"MSI",97990,"Intel Core i7",10,6,4,16,16,"DDR4",512," SSD","NVIDIA",8,0,15.6,141.21,0,"Windows 11 OS"
"MSI",45990,"Intel Core i5",6,6,4,12,16,"DDR4",512," SSD","NVIDIA",4,0,15.6,141.21,0,"Windows 11 OS"
"Lenovo",104990,"Intel Core i7",10,6,4,16,16,"DDR5",512," SSD","NVIDIA",8,0,15.6,141.21,0,"Windows 11 OS"
"HP",113090,"AMD Ryzen 7",8,8,4,16,16,"DDR5",512," SSD","NVIDIA",8,0,16,137.68,0,"Windows 11 OS"
"ASUS",73990,"Intel Core i5",12,4,8,16,16,"DDR5",512," SSD","NVIDIA",4,0,17.3,127.34,0,"Windows 11 OS"
"ASUS",82500,"Intel Core i7",10,6,4,16,16,"DDR4",1000," SSD","NVIDIA",4,0,14,242.59,0,"Windows 11 OS"
"ASUS",101200,"AMD Ryzen 7",8,8,4,16,16,"DDR5",512," SSD","NVIDIA",6,0,14,215.63,0,"Windows 11 OS"
"ASUS",89990,"Intel Core i5",8,4,4,12,16,"DDR4",512," SSD","NVIDIA",6,0,16,141.51,0,"Windows 11 OS"
"MSI",51990,"Intel Core i5",6,6,4,12,16,"DDR4",512," SSD","NVIDIA",4,0,15.6,141.21,0,"Windows 11 OS"
"Lenovo",26990,"AMD Ryzen 3",4,4,4,8,8,"DDR4",512," SSD","AMD",4,0,15.6,141.21,0,"Windows 11 OS"
"Apple",131590,"Apple M2",8,4,4,12,8,"DDR4",512," SSD","Apple",6,0,15.3,224.22,0,"Mac OS"
"Dell",51915,"Intel Core i5",10,2,8,12,16,"DDR4",512," SSD","Intel",4,0,15.6,141.21,0,"Windows 11 OS"
"HP",62842,"Intel Core i7",10,2,8,12,16,"DDR4",512," SSD","Intel",4,0,15.6,141.21,0,"Windows 11 OS"
"HP",69490,"Intel Core i5",12,4,8,16,16,"DDR4",512," SSD","Intel",2,1,15.6,141.21,0,"Windows 11 OS"
"ASUS",114000,"AMD Ryzen 9",8,8,4,16,16,"DDR5",1000," SSD","AMD",8,0,15.6,145.14,0,"Windows 11 OS"
"ASUS",122990,"Intel Core i5",12,4,8,16,16,"DDR5",512," SSD","NVIDIA",6,0,15.6,211.82,0,"Windows 11 OS"
"MSI",57990,"Intel Core i7",8,8,4,16,16,"DDR4",1256,"Hard Disk & SSD","NVIDIA",4,0,15.6,141.21,0,"Windows 11 OS"
"ASUS",99990,"Intel Core i5",12,4,8,16,16,"DDR4",512," SSD","NVIDIA",4,0,14,242.59,0,"Windows 11 OS"
"Acer",99990,"Intel Core i5",14,6,8,20,16,"DDR5",512," SSD","NVIDIA",6,0,16,141.51,0,"Windows 11 OS"
"ASUS",64990,"Intel Core i5",12,4,8,16,16,"DDR4",512," SSD","Intel",2,1,15.6,141.21,0,"Windows 11 OS"
"Apple",113690,"Apple M2",8,4,4,12,8,"DDR4",256," SSD","Apple",6,0,15.3,224.22,0,"Mac OS"
"Infinix",22990,"Intel Celeron",4,1,4,4,8,"LPDDR4X",512," SSD","Intel",4,1,15.6,141.21,0,"Windows 11 OS"
"HP",38099,"Intel Core i3",6,2,4,8,8,"DDR4",512," SSD","Intel",2,1,14,157.35,0,"Windows 11 OS"
"MSI",33990,"AMD Ryzen 5",6,6,4,12,8,"DDR4",512," SSD","AMD",4,0,14,157.35,0,"Windows 11 OS"
"MSI",31030,"Intel Core i3",6,2,4,8,8,"DDR4",512," SSD","Intel",4,1,14,157.35,0,"Windows 11 OS"
"ASUS",35990,"AMD Ryzen 3",4,4,4,8,8,"LPDDR5",512," SSD","AMD",4,0,15.6,141.21,0,"Windows 11 OS"
"Samsung",64990,"Intel Core i5",10,2,8,12,8,"LPDDR4X",512," SSD","Intel",2,0,15.6,141.21,0,"Windows 11 OS"
"Samsung",81990,"Intel Core i7",10,2,8,12,16,"LPDDR4X",512," SSD","Intel",4,0,15.6,141.21,0,"Windows 11 OS"
"HP",65990,"AMD Ryzen 7",8,8,4,16,16,"DDR4",512," SSD","NVIDIA",4,0,15.6,141.21,0,"Windows 11 OS"
"Samsung",117990,"Intel Core i7",12,4,8,16,16,"LPDDR4X",512," SSD","Intel",4,0,15.6,141.21,1,"Windows 11 OS"
"Dell",34980,"Intel Core i3",6,2,4,8,8,"DDR4",512," SSD","Intel",4,0,15.6,141.21,0,"Windows 11 OS"
"ASUS",40689,"Intel Core i3",10,2,8,12,8,"DDR4",512," SSD","Intel",4,0,15.6,141.21,0,"Windows 11 OS"
"HP",60300,"AMD Ryzen 5",6,6,4,12,8,"DDR4",512," SSD","NVIDIA",4,0,15.6,141.21,0,"Windows 11 OS"
"HP",17990,"Intel Celeron",2,1,4,2,4,"LPDDR4",64," Hard Disk","Intel",2,1,14,111.94,1,"Chrome OS"
"Lenovo",18990,"AMD Athlon",2,1,4,2,8,"DDR4",256," SSD","AMD",2,0,14,157.35,0,"Windows 11 OS"
"Dell",45390,"AMD Ryzen 5",6,6,4,12,8,"DDR4",512," SSD","AMD",4,0,15.6,141.21,0,"Windows 11 OS"
"HP",56990,"AMD Ryzen 5",6,6,4,12,8,"DDR4",512," SSD","NVIDIA",4,0,15.6,141.21,0,"Windows 11 OS"
"ASUS",96000,"Intel Core i7",10,6,4,16,16,"DDR5",1000," SSD","NVIDIA",4,0,15.6,141.21,0,"Windows 11 OS"
"Lenovo",58990,"Intel Core i5",10,2,8,12,16,"DDR4",512," SSD","Intel",4,0,15.6,141.21,0,"Windows 11 OS"
"HP",46938,"Intel Core i3",2,2,4,4,8,"DDR4",1256,"Hard Disk & SSD","Intel",4,1,15.6,141.21,0,"Windows 11 OS"
"Dell",33994,"AMD Ryzen 3",4,4,4,8,8,"DDR4",512," SSD","AMD",4,0,15.6,141.21,0,"Windows 11 OS"
"HP",48890,"AMD Ryzen 5",6,6,4,12,8,"DDR4",512," SSD","NVIDIA",4,0,15.6,141.21,0,"Windows 11 OS"
"ASUS",72000,"AMD Ryzen 7",8,8,4,16,16,"DDR5",512," SSD","NVIDIA",4,0,15.6,141.21,0,"Windows 11 OS"
"Apple",119990,"Apple M2",8,4,4,12,8,"Unified",256," SSD","Apple",4,0,13.3,226.98,0,"Mac OS"
"ASUS",21790,"Intel Celeron",2,1,4,2,4,"DDR4",256," SSD","Intel",4,0,15.6,100.45,0,"Windows 11 OS"
"HP",146990,"Intel Core i7",10,2,8,12,32,"LPDDR4X",1000," SSD","Intel",2,0,13.5,267.08,1,"Windows 11 OS"
"HP",174999,"Intel Core Ultra",16,6,8,22,16,"LPDDR5X",1000," SSD","NVIDIA",8,0,14,242.59,0,"Windows 11 OS"
"HP",120490,"Intel Core i7",10,2,8,12,16,"LPDDR5",512," SSD","NVIDIA",4,0,15.6,141.21,1,"Windows 11 OS"
"Lenovo",42990,"Intel Core i3",6,2,4,8,8,"DDR4",512," SSD","Intel",4,1,16,137.68,0,"Windows 11 OS"
"HP",41990,"AMD Ryzen 5",4,4,4,8,8,"LPDDR5",512," SSD","AMD",4,0,15.6,141.21,0,"Windows 11 OS"
"Honor",56990,"Intel Core i5",8,4,4,12,16,"LPDDR4X",512," SSD","Intel",4,0,14,161.73,0,"Windows 11 OS"
"MSI",229990,"Intel Core Ultra",16,6,8,22,32,"DDR5",1000," SSD","NVIDIA",8,0,15.6,217.71,0,"Windows 11 OS"
"MSI",107990,"Intel Core Ultra",16,6,8,22,16,"DDR5",1000," SSD","NVIDIA",6,0,15.6,141.21,0,"Windows 11 OS"
"MSI",99990,"Intel Core Ultra",14,4,8,18,16,"DDR5",1000," SSD","NVIDIA",6,0,15.6,141.21,0,"Windows 11 OS"
"MSI",249990,"Intel Core Ultra",16,6,8,22,32,"DDR5",2000," SSD","NVIDIA",8,0,16,188.68,0,"Windows 11 OS"
"MSI",189990,"Intel Core Ultra",16,6,8,22,32,"LPDDR5",1000," SSD","NVIDIA",8,0,16,188.68,0,"Windows 11 OS"
"Samsung",122990,"Intel Core i7",10,2,8,12,16,"LPDDR5",512," SSD","Intel",4,0,15.6,141.21,1,"Windows 11 OS"
"Samsung",179990,"Intel Core Ultra",16,6,8,22,16,"LPDDR5X",1000," SSD","Intel",8,0,16,212.26,1,"Windows 11 OS"
"MSI",114990,"Intel Core Ultra",16,6,8,22,16,"LPDDR5",1000," SSD","Intel",6,0,13.3,255.36,0,"Windows 11 OS"
"MSI",159990,"Intel Core Ultra",16,6,8,22,32,"LPDDR5",1000," SSD","NVIDIA",6,0,16,188.68,0,"Windows 11 OS"
"Samsung",139990,"Intel Core Ultra",16,6,8,22,16,"LPDDR5X",512," SSD","Intel",4,0,14,242.59,1,"Windows 11 OS"
"Samsung",131990,"Intel Core Ultra",14,4,8,18,16,"LPDDR5X",512," SSD","Intel",4,0,14,242.59,1,"Windows 11 OS"
"Samsung",141990,"Intel Core Ultra",14,4,8,18,16,"LPDDR5X",512," SSD","Intel",4,0,16,212.26,1,"Windows 11 OS"
"Samsung",181990,"Intel Core Ultra",16,6,8,22,32,"LPDDR5X",1000," SSD","Intel",4,0,16,212.26,1,"Windows 11 OS"
"Lenovo",79999,"AMD Ryzen 7",8,8,4,16,16,"DDR4",512," SSD","AMD",4,0,14,157.35,0,"Windows 10 OS"
"ASUS",289990,"Intel Core i9",24,8,16,32,32,"DDR5",2000," SSD","NVIDIA",12,0,16,188.68,0,"Windows 11 OS"
"HP",60517,"AMD Ryzen 7",8,8,4,16,16,"DDR4",1000," SSD","AMD",4,0,15.6,141.21,0,"Windows 11 OS"
"Acer",83990,"Intel Core Ultra",14,4,8,18,16,"LPDDR5X",512," SSD","Intel",4,1,14,161.73,0,"Windows 11 OS"
"HP",195990,"Intel Core Ultra",16,6,8,22,32,"LPDDR5X",1000," SSD","NVIDIA",6,0,16,212.26,1,"Windows 11 OS"
"HP",115999,"AMD Ryzen 7",8,8,4,16,16,"DDR5",1000," SSD","NVIDIA",6,0,16.1,136.83,0,"Windows 11 OS"
"Dell",102099,"Intel Core i7",14,6,8,20,16,"DDR5",1000," SSD","NVIDIA",6,0,15.6,141.21,0,"Windows 11 OS"
"Lenovo",84990,"Intel Core i5",10,6,4,16,16,"DDR5",512," SSD","NVIDIA",6,0,15.6,141.21,0,"Windows 11 OS"
"Lenovo",43990,"Intel Core i3",6,2,4,8,8,"DDR5",512," SSD","Intel",4,0,14,157.35,0,"Windows 11 OS"
"HP",48790,"Intel Core i5",10,2,8,12,8,"DDR4",512," SSD","Intel",4,0,15.6,141.21,0,"Windows 11 OS"
"Lenovo",59990,"Intel Core i5",8,4,4,12,8,"DDR5",512," SSD","Intel",4,1,15.6,141.21,0,"Windows 11 OS"
"Lenovo",52990,"AMD Ryzen 5",6,6,4,12,16,"DDR4",512," SSD","AMD",4,0,15.6,141.21,0,"Windows 11 OS"
"HP",174490,"Intel Core Ultra",16,6,8,22,32,"LPDDR5X",2000," SSD","Intel",6,0,16,212.26,1,"Windows 11 OS"
"HP",53799,"Intel Core i5",10,2,8,12,16,"DDR4",512," SSD","Intel",4,0,15.6,141.21,0,"Windows 11 OS"
"HP",176499,"Intel Core i7",20,8,12,28,16,"DDR5",1000," SSD","NVIDIA",8,0,16.1,136.83,0,"Windows 11 OS"
"Chuwi",20990,"Intel Celeron",4,1,4,4,8,"LPDDR5",256," SSD","Intel",4,1,14.1,156.23,0,"Windows 11 OS"
"ASUS",43990,"Intel Core i5",4,4,4,8,16,"DDR4",512," SSD","Intel",4,1,14,157.35,0,"Windows 11 OS"
"Lenovo",59490,"Intel Core i5",8,4,4,12,16,"LPDDR5",512," SSD","Intel",4,1,15.6,141.21,0,"Windows 11 OS"
"Dell",81990,"Intel Core i5",10,6,4,16,16,"DDR5",1000," SSD","NVIDIA",6,0,15.6,141.21,0,"Windows 11 OS"
"Dell",187490,"Intel Core i9",24,8,16,32,16,"DDR5",1000," SSD","NVIDIA",8,0,16,188.68,0,"Windows 11 OS"
"Lenovo",53490,"Intel Core i5",8,4,4,12,16,"LPDDR5",512," SSD","Intel",4,1,15.6,141.21,0,"Windows 11 OS"
"Lenovo",40490,"AMD Ryzen 5",6,6,4,12,16,"DDR4",512," SSD","AMD",4,0,15.6,141.21,0,"Windows 11 OS"
"Acer",35999,"Intel Core i3",5,1,4,6,8,"LPDDR5",512," SSD","Intel",4,0,15.6,141.21,0,"Windows 11 OS"
"Lenovo",87190,"Intel Core i7",14,6,8,20,16,"LPDDR5",1000," SSD","Intel",4,0,16,188.68,0,"Windows 11 OS"
"Dell",57990,"Intel Core i3",6,2,4,8,8,"LPDDR5",512," SSD","Intel",2,0,14,161.73,1,"Windows 11 OS"
"Lenovo",64990,"Intel Core i5",8,4,4,12,16,"LPDDR5",1000," SSD","Intel",4,1,14,161.73,0,"Windows 11 OS"
"Lenovo",74190,"Intel Core i5",8,4,4,12,16,"LPDDR5",1000," SSD","Intel",4,1,14,161.73,0,"Windows 11 OS"
"Acer",31990,"Intel Core i3",8,1,8,8,8,"LPDDR5",512," SSD","Intel",4,0,15.6,141.21,0,"Windows 11 OS"
"Acer",45100,"Intel Core i5",10,2,8,12,16,"DDR4",512," SSD","Intel",4,0,15.6,141.21,0,"Windows 11 OS"
"Apple",230590,"Apple M3",12,6,6,18,18,"Unified",512," SSD","Apple",8,0,16.2,254.02,0,"Mac OS"
"Apple",176490,"Apple M3",8,4,4,12,8,"Unified",1000," SSD","Apple",8,0,14.2,253.93,0,"Mac OS"
"Apple",289690,"Apple M3",14,10,4,24,36,"Unified",1000," SSD","Apple",12,0,14.2,253.93,0,"Mac OS"
"Apple",224990,"Apple M3",12,6,6,18,18,"Unified",1000," SSD","Apple",6,0,14.2,253.93,0,"Mac OS"
"ASUS",16990,"Intel Celeron",2,1,4,2,8,"LPDDR4X",128," Hard Disk","Intel",4,1,15.6,141.21,0,"Chrome OS"
"Lenovo",58900,"AMD Ryzen 5",6,6,4,12,8,"DDR5",512," SSD","NVIDIA",4,0,15.6,141.21,0,"Windows 11 OS"
"Dell",36990,"Intel Core i3",6,2,4,8,8,"DDR4",512," SSD","Intel",4,1,15.6,141.21,0,"Windows 11 OS"
"Lenovo",50390,"AMD Ryzen 5",4,4,4,8,8,"DDR4",512," SSD","NVIDIA",4,0,15.6,141.21,0,"Windows 11 OS"
"HP",94490,"Intel Core i7",10,6,4,16,16,"DDR4",512," SSD","NVIDIA",6,0,15.6,141.21,0,"Windows 11 OS"
"Microsoft",78890,"Intel Core i5",10,2,8,12,8,"LPDDR5",256," SSD","Intel",4,0,12.4,148.87,1,"Windows 11 OS"
"HP",58999,"Intel Core i5",8,4,4,12,8,"DDR4",512," SSD","NVIDIA",4,0,15.6,141.21,0,"Windows 11 OS"
"HP",50990,"AMD Ryzen 7",8,8,4,16,16,"DDR4",512," SSD","AMD",4,0,15.6,141.21,0,"Windows 11 OS"
"ASUS",79990,"AMD Ryzen 7",8,8,4,16,16,"DDR4",1000," SSD","NVIDIA",4,0,15.6,141.21,0,"Windows 11 OS"
"ASUS",47990,"AMD Ryzen 5",4,4,4,8,16,"LPDDR5",512," SSD","AMD",2,0,14,157.35,0,"Windows 11 OS"
"ASUS",43990,"Intel Core i3",6,2,4,8,16,"DDR4",512," SSD","Intel",2,1,16,141.51,0,"Windows 11 OS"
"MSI",44990,"Intel Core i5",6,6,4,12,16,"DDR4",512," SSD","NVIDIA",4,0,15.6,141.21,0,"Windows 11 OS"
"Lenovo",132190,"AMD Ryzen 7",8,8,4,16,16,"DDR5",1000," SSD","NVIDIA",8,0,16,188.68,0,"Windows 11 OS"
"Lenovo",32290,"AMD Ryzen 3",4,4,4,8,8,"LPDDR5",512," SSD","AMD",4,0,15.6,141.21,0,"Windows 11 OS"
"ASUS",75000,"Intel Core i5",8,4,4,12,16,"DDR4",512," SSD","NVIDIA",6,0,16,141.51,0,"Windows 11 OS"
"ASUS",104990,"Intel Core i5",12,4,8,16,16,"DDR4",512," SSD","NVIDIA",6,0,16,141.51,0,"Windows 11 OS"
"Lenovo",66990,"AMD Ryzen 7",8,8,4,16,8,"DDR4",512," SSD","NVIDIA",4,0,15.6,141.21,0,"Windows 11 OS"
"Lenovo",91190,"Intel Core i5",12,4,8,16,16,"LPDDR5",1000," SSD","Intel",2,1,14,242.59,1,"Windows 11 OS"
"ASUS",27990,"Intel Celeron",2,1,4,2,8,"DDR4",256," SSD","Intel",4,1,14,157.35,0,"Windows 11 OS"
"HP",339999,"Intel Core i9",24,8,16,32,32,"DDR5",1000," SSD","NVIDIA",16,0,17.3,169.78,0,"Windows 11 OS"
"Lenovo",48490,"AMD Ryzen 5",4,4,4,8,8,"DDR4",512," SSD","NVIDIA",4,0,15.6,141.21,0,"Windows 11 OS"
"Acer",19990,"Intel Celeron",2,1,4,2,8,"DDR4",256," SSD","Intel",2,1,11.6,135.09,0,"Windows 11 OS"
"ASUS",71990,"Intel Core i5",12,4,8,16,8,"DDR5",512," SSD","NVIDIA",4,0,17.3,127.34,0,"Windows 11 OS"
"Lenovo",80990,"Intel Core i5",12,4,8,16,16,"LPDDR5X",1000," SSD","Intel",4,1,14,161.73,0,"Windows 11 OS"
"Acer",17990,"Intel Celeron",2,1,4,2,8,"DDR4",128," SSD","Intel",4,1,11.6,135.09,0,"Windows 11 OS"
"HP",34999,"Intel Core i3",6,2,4,8,8,"DDR4",512," SSD","Intel",4,1,15.6,141.21,0,"Windows 11 OS"
"Lenovo",139190,"Intel Core i7",10,6,4,16,16,"DDR5",1000," SSD","NVIDIA",8,0,16,188.68,0,"Windows 11 OS"
"HP",66990,"Intel Core i5",10,2,8,12,16,"DDR4",1000," SSD","Intel",2,1,14,157.35,0,"Windows 11 OS"
"Acer",47990,"Intel Core i7",4,4,4,8,16,"DDR4",1000," SSD","Intel",4,1,14,157.35,0,"Windows 11 OS"
"Lenovo",61712,"AMD Ryzen 5",6,6,4,12,8,"DDR4",512," SSD","NVIDIA",4,0,15.6,141.21,0,"Windows 11 OS"
"MSI",79990,"AMD Ryzen 7",8,8,4,16,16,"DDR5",512," SSD","AMD",4,0,15.6,141.21,0,"Windows 11 OS"
"HP",27990,"Intel Celeron",2,1,4,2,8,"DDR4",512," SSD","Intel",4,0,14,111.94,0,"Windows 11 OS"
"ASUS",95689,"Intel Core i9",14,6,8,20,16,"DDR4",1000," SSD","Intel",4,1,16,141.51,0,"Windows 11 OS"
"ASUS",72300,"AMD Ryzen 7",8,8,4,16,16,"DDR4",1000," SSD","AMD",4,0,14,161.73,1,"Windows 11 OS"
"Lenovo",63889,"AMD Ryzen 5",6,6,4,12,16,"DDR4",512," SSD","NVIDIA",4,0,15.6,141.21,0,"Windows 11 OS"
"Lenovo",46490,"AMD Ryzen 5",4,4,4,8,8,"DDR4",512," SSD","NVIDIA",4,0,15.6,141.21,0,"Windows 11 OS"
"Dell",42990,"Intel Core i5",4,4,4,8,8,"DDR4",512," SSD","Intel",4,0,15.6,141.21,0,"Windows 11 OS"
"Dell",55600,"Intel Core i5",10,2,8,12,8,"DDR4",512," SSD","Intel",4,1,15.6,141.21,0,"Windows 11 OS"
"ASUS",94990,"Intel Core i5",10,6,4,16,16,"DDR5",1000," SSD","NVIDIA",6,0,16,141.51,0,"Windows 11 OS"
"Dell",36990,"AMD Ryzen 5",6,6,4,12,8,"DDR4",512," SSD","AMD",4,0,15.6,141.21,0,"Windows 11 OS"
"Infinix",36990,"Intel Core i5",4,4,4,8,16,"LPDDR4X",1000," SSD","Intel",4,1,14,157.35,0,"Windows 11 OS"
"HP",50490,"AMD Ryzen 5",6,6,4,12,8,"DDR4",512," SSD","AMD",4,0,15.6,141.21,0,"Windows 11 OS"
"HP",97000,"Intel Core i5",12,4,8,16,16,"DDR4",512," SSD","NVIDIA",6,0,15.6,141.21,0,"Windows 11 OS"
"ASUS",41990,"Intel Core i3",6,2,4,8,16,"DDR4",512," SSD","Intel",4,1,15.6,141.21,0,"Windows 11 OS"
"HP",72490,"Intel Core i5",10,2,8,12,16,"DDR4",1000," SSD","Intel",4,1,15.6,141.21,0,"Windows 11 OS"
"HP",28990,"Intel Celeron",2,1,4,2,8,"DDR4",512," SSD","Intel",4,1,15.6,100.45,0,"Windows 11 OS"
"ASUS",72990,"AMD Ryzen 7",8,8,4,16,16,"LPDDR5",512," SSD","NVIDIA",4,0,15.6,141.21,0,"Windows 11 OS"
"Lenovo",62190,"Intel Core i5",8,4,4,12,16,"LPDDR5",512," SSD","Intel",4,0,16,141.51,0,"Windows 11 OS"
"HP",23999,"AMD Ryzen 3",2,2,4,4,8,"DDR4",512," SSD","AMD",4,0,15.6,100.45,0,"DOS OS"
"Lenovo",37990,"Intel Core i3",6,2,4,8,8,"DDR4",512," SSD","Intel",4,0,15.6,141.21,0,"Windows 11 OS"
"HP",44800,"AMD Ryzen 5",6,6,4,12,16,"DDR4",512," SSD","AMD",4,0,15.6,141.21,0,"Windows 11 OS"
"Lenovo",60190,"Intel Core i5",8,4,4,12,16,"LPDDR5",512," SSD","Intel",4,0,14,157.35,0,"Windows 11 OS"
"Lenovo",45990,"AMD Ryzen 5",4,4,4,8,16,"LPDDR5",512," SSD","AMD",4,0,15.6,141.21,0,"Windows 11 OS"
"ASUS",35990,"AMD Ryzen 3",4,4,4,8,8,"LPDDR5",512," SSD","AMD",4,0,14,157.35,0,"Windows 11 OS"
"HP",48990,"AMD Ryzen 5",6,6,4,12,8,"DDR4",512," SSD","AMD",4,0,15.6,141.21,0,"Windows 11 OS"
"Dell",83449,"Intel Core i7",10,2,8,12,16,"LPDDR5",1000," SSD","Intel",4,0,14,157.35,0,"Windows 11 OS"
"HP",54990,"AMD Ryzen 5",6,6,4,12,8,"DDR5",512," SSD","NVIDIA",4,0,15.6,141.21,0,"Windows 11 OS"
"Lenovo",62990,"Intel Core i5",8,4,4,12,16,"LPDDR5",1000," SSD","Intel",4,0,14,161.73,0,"Windows 11 OS"
"MSI",53138,"Intel Core i7",10,2,8,12,16,"DDR4",512," SSD","Intel",4,1,14,157.35,0,"Windows 11 OS"
"MSI",278490,"Intel Core i9",14,6,8,20,32,"DDR5",2000," SSD","NVIDIA",8,0,16,283.02,0,"Windows 11 OS"
"Infinix",43990,"Intel Core i7",10,2,8,12,16,"LPDDR4X",512," SSD","Intel",4,1,14,157.35,0,"Windows 11 OS"
"Infinix",36990,"Intel Core i5",10,2,8,12,16,"LPDDR4X",512," SSD","Intel",2,1,14,157.35,0,"Windows 11 OS"
"Dell",38990,"Intel Core i3",5,1,4,6,8,"DDR4",512," SSD","Intel",4,0,14,157.35,0,"Windows 11 OS"
"Dell",44990,"AMD Ryzen 5",4,4,4,8,8,"LPDDR5",1000," SSD","AMD",4,0,15.6,141.21,0,"Windows 11 OS"
"Dell",57990,"Intel Core i5",10,2,8,12,8,"DDR4",512," SSD","Intel",4,0,14,157.35,0,"Windows 11 OS"
"HP",109490,"Intel Core i7",14,6,8,20,16,"DDR4",512," SSD","NVIDIA",6,0,15.6,141.21,0,"Windows 11 OS"
"ASUS",35990,"Intel Core i3",6,2,4,8,8,"DDR4",512," SSD","Intel",4,0,14,157.35,0,"Windows 11 OS"
"HP",90990,"Intel Core i5",8,4,4,12,16,"DDR5",512," SSD","NVIDIA",6,0,16.1,136.83,0,"Windows 11 OS"
"Lenovo",43990,"AMD Ryzen 5",4,4,4,8,16,"LPDDR5",512," SSD","AMD",4,1,15.6,141.21,0,"Windows 11 OS"
"ASUS",66990,"AMD Ryzen 7",8,8,4,16,16,"DDR4",512," SSD","NVIDIA",4,0,15.6,141.21,0,"Windows 11 OS"
"ASUS",31990,"Intel Core i3",2,2,4,4,8,"DDR4",512," SSD","Intel",4,0,15.6,141.21,0,"Windows 11 OS"
"HP",36790,"Intel Core i3",2,2,4,4,8,"DDR4",512," SSD","Intel",4,0,15.6,141.21,0,"Windows 11 OS"
"Lenovo",79990,"Intel Core i5",8,4,4,12,16,"DDR5",512," SSD","NVIDIA",6,0,15.6,141.21,0,"Windows 11 OS"
"HP",72990,"Intel Core i5",10,2,8,12,16,"DDR4",512," SSD","Intel",2,1,14,157.35,1,"Windows 11 OS"
"Lenovo",90990,"Intel Core i5",8,4,4,12,16,"DDR5",512," SSD","NVIDIA",8,0,15.6,141.21,0,"Windows 11 OS"
"Lenovo",116990,"AMD Ryzen 7",8,8,4,16,16,"DDR5",512," SSD","NVIDIA",8,0,15.6,141.21,0,"Windows 11 OS"
"HP",132490,"Intel Core i7",16,8,8,24,16,"DDR5",512," SSD","NVIDIA",8,0,16.1,136.83,0,"Windows 11 OS"
"Lenovo",150000,"Intel Core i9",14,6,8,20,32,"DDR5",1000," SSD","NVIDIA",8,0,16,235.85,0,"Windows 11 OS"
"MSI",41790,"Intel Core i5",4,4,4,8,16,"DDR4",512," SSD","Intel",4,1,15.6,141.21,0,"Windows 11 OS"
"Acer",94990,"AMD Ryzen 7",8,8,4,16,8,"DDR5",512," SSD","NVIDIA",8,0,16,141.51,0,"Windows 11 OS"
"Acer",129990,"AMD Ryzen 7",8,8,4,16,16,"DDR5",512," SSD","NVIDIA",8,0,16,141.51,0,"Windows 11 OS"
"ASUS",61625,"Intel Core i5",10,2,8,12,16,"DDR4",512," SSD","Intel",4,1,15.6,141.21,0,"Windows 11 OS"
"Dell",86730,"Intel Core i7",12,4,8,16,16,"LPDDR5",1000," SSD","Intel",4,0,14,161.73,0,"Windows 11 OS"
"ASUS",104990,"Intel Core i7",10,6,4,16,16,"DDR4",512," SSD","NVIDIA",8,0,16,141.51,0,"Windows 11 OS"
"Lenovo",31800,"AMD Ryzen 3",4,4,4,8,8,"DDR4",512," SSD","AMD",4,0,15.6,141.21,0,"DOS OS"
"Lenovo",63990,"AMD Ryzen 5",6,6,4,12,8,"DDR4",512," SSD","NVIDIA",4,0,15.6,141.21,0,"Windows 11 OS"
"MSI",41990,"Intel Core i5",6,6,4,12,8,"DDR4",512," SSD","NVIDIA",4,0,15.6,141.21,0,"Windows 11 OS"
"ASUS",66990,"Intel Core i5",10,2,8,12,16,"DDR4",512," SSD","Intel",4,1,15.6,141.21,0,"Windows 11 OS"
"ASUS",67990,"Intel Core i5",8,4,4,12,16,"DDR4",512," SSD","NVIDIA",4,0,14,242.59,0,"Windows 11 OS"
"HP",80999,"Intel Core i5",10,2,8,12,16,"DDR4",512," SSD","Intel",4,0,15.6,141.21,1,"Windows 11 OS"
"ASUS",53990,"Intel Core i5",12,4,8,16,8,"DDR4",512," SSD","Intel",4,0,15.6,141.21,0,"Windows 11 OS"
"HP",43990,"Intel Core i3",6,2,4,8,8,"DDR4",512," SSD","Intel",4,0,14,157.35,0,"Windows 11 OS"
"Lenovo",46400,"AMD Ryzen 7",8,8,4,16,8,"DDR4",512," SSD","AMD",4,0,15.6,141.21,0,"DOS OS"
"ASUS",57990,"Intel Core i5",8,4,4,12,8,"DDR4",512," SSD","NVIDIA",4,0,16,141.51,0,"Windows 11 OS"
"ASUS",70990,"Intel Core i5",12,4,8,16,8,"DDR5",512," SSD","NVIDIA",4,0,15.6,141.21,0,"Windows 11 OS"
"Dell",75990,"Intel Core i5",12,4,8,16,16,"DDR4",512," SSD","NVIDIA",2,0,16,137.68,0,"Windows 11 OS"
"HP",69990,"Intel Core i5",12,4,8,16,16,"DDR4",512," SSD","Intel",4,1,15.6,141.21,0,"Windows 11 OS"
"Dell",355490,"Intel Core i9",14,6,8,20,32,"DDR5",1000," SSD","NVIDIA",8,0,17,266.37,1,"Windows 11 OS"
"Lenovo",32780,"Intel Core i3",6,2,4,8,8,"DDR4",512," SSD","Intel",2,1,15.6,141.21,0,"DOS OS"
"MSI",34990,"Intel Core i3",6,2,4,8,16,"DDR4",512," SSD","Intel",4,1,14,157.35,0,"Windows 11 OS"
"HP",58800,"AMD Ryzen 7",8,8,4,16,16,"DDR4",512," SSD","AMD",6,0,15.6,141.21,0,"Windows 11 OS"
"ASUS",59990,"AMD Ryzen 5",6,6,4,12,8,"DDR4",512," SSD","NVIDIA",4,0,15.6,141.21,0,"Windows 11 OS"
"Lenovo",32490,"Intel Core i3",6,2,4,8,8,"DDR4",512," SSD","Intel",2,1,14,157.35,0,"Windows 11 OS"
"Dell",158990,"Intel Core i7",14,6,8,20,16,"DDR5",1000," SSD","NVIDIA",8,0,16,188.68,0,"Windows 11 OS"
"HP",156990,"Intel Core i7",16,8,8,24,16,"DDR5",1000," SSD","NVIDIA",8,0,17.3,169.78,0,"Windows 11 OS"
"Dell",39490,"Intel Core i3",5,1,4,6,8,"DDR4",512," SSD","Intel",2,1,15.6,141.21,0,"Windows 11 OS"
"Lenovo",172990,"Intel Core i7",14,6,8,20,32,"DDR5",1000," SSD","NVIDIA",16,0,16,188.68,0,"Windows 11 OS"
"HP",62687,"AMD Ryzen 5",6,6,4,12,16,"DDR4",512," SSD","AMD",4,0,15.6,141.21,0,"Windows 11 OS"
"HP",67990,"Intel Core i5",8,4,4,12,16,"DDR4",512," SSD","NVIDIA",4,0,15.6,141.21,0,"Windows 11 OS"
"HP",59990,"AMD Ryzen 5",6,6,4,12,8,"DDR4",512," SSD","NVIDIA",4,0,15.6,141.21,0,"Windows 11 OS"
"ASUS",38990,"Intel Core i3",2,2,4,4,16,"DDR4",512," SSD","Intel",4,1,14,157.35,0,"Windows 11 OS"
"Dell",130990,"Intel Core i7",14,6,8,20,16,"DDR5",512," SSD","NVIDIA",6,0,15.6,141.21,0,"Windows 11 OS"
"Dell",178490,"Intel Core i9",24,8,16,32,16,"DDR5",1000," SSD","NVIDIA",8,0,16,188.68,0,"Windows 11 OS"
"Xiaomi",43990,"Intel Core i5",12,4,8,16,16,"DDR5",512," SSD","Intel",2,0,14,242.59,0,"Windows 11 OS"
"ASUS",39990,"Intel Core i3",6,2,4,8,8,"DDR4",512," SSD","Intel",4,1,15.6,141.21,0,"Windows 11 OS"
"HP",89990,"Intel Core i7",10,2,8,12,16,"DDR4",512," SSD","Intel",4,1,14,157.35,1,"Windows 11 OS"
"ASUS",109990,"Intel Core i7",14,6,8,20,16,"DDR4",512," SSD","NVIDIA",6,0,15.6,141.21,0,"Windows 11 OS"
"ASUS",66990,"Intel Core i5",8,4,4,12,16,"DDR4",512," SSD","NVIDIA",4,0,16,141.51,0,"Windows 11 OS"
"Acer",69990,"Intel Core i7",10,2,8,12,8,"DDR4",512," SSD","NVIDIA",4,0,14,157.35,0,"Windows 11 OS"
"ASUS",149990,"Intel Core i9",14,6,8,20,16,"DDR4",1000," SSD","NVIDIA",8,0,15.6,141.21,0,"Windows 11 OS"
"ASUS",144900,"AMD Ryzen 9",8,8,4,16,16,"LPDDR5",1000," SSD","NVIDIA",6,0,13.4,225.29,1,"Windows 11 OS"
"ASUS",114990,"AMD Ryzen 7",8,8,4,16,16,"DDR5",1000," SSD","NVIDIA",6,0,14,215.63,0,"Windows 11 OS"
"ASUS",109676,"Intel Core i5",10,6,4,16,16,"DDR5",1000," SSD","NVIDIA",6,0,16,141.51,0,"Windows 11 OS"
"ASUS",198999,"Intel Core i9",24,8,16,32,16,"DDR5",1000," SSD","NVIDIA",8,0,16,188.68,0,"Windows 11 OS"
"ASUS",47250,"Intel Core i5",10,2,8,12,8,"DDR4",512," SSD","Intel",4,0,15.6,141.21,0,"Windows 11 OS"
"HP",51549,"Intel Core i5",4,4,4,8,16,"DDR4",512," SSD","Intel",2,1,15.6,141.21,0,"Windows 11 OS"
"HP",60499,"Intel Core i5",10,2,8,12,16,"DDR4",512," SSD","Intel",4,1,15.6,141.21,0,"Windows 11 OS"
"ASUS",109990,"Intel Core i9",14,6,8,20,16,"DDR4",1000," SSD","NVIDIA",4,0,16,141.51,0,"Windows 11 OS"
"ASUS",199990,"Intel Core i5",12,4,8,16,16,"LPDDR5",1000," SSD","NVIDIA",6,0,14.5,234.22,1,"Windows 11 OS"
"HP",53999,"AMD Ryzen 5",6,6,4,12,8,"DDR4",512," SSD","AMD",4,0,15.6,141.21,0,"Windows 11 OS"
"ASUS",75990,"Intel Core i5",12,4,8,16,16,"DDR4",512," SSD","NVIDIA",4,0,16,141.51,0,"Windows 11 OS"
"ASUS",55689,"Intel Core i5",6,6,4,12,8,"DDR4",512," SSD","NVIDIA",4,0,17.3,127.34,0,"Windows 11 OS"
"Acer",32990,"Intel Core i5",4,4,4,8,8,"DDR4",512," SSD","Intel",4,0,14,157.35,0,"Windows 11 OS"
"HP",43490,"AMD Ryzen 5",4,4,4,8,16,"LPDDR5",512," SSD","AMD",4,0,15.6,141.21,0,"Windows 11 OS"
"HP",89999,"Intel Core i7",12,4,8,16,16,"DDR4",1000," SSD","Intel",4,1,15.6,141.21,0,"Windows 11 OS"
"HP",41780,"Intel Core i3",6,2,4,8,8,"DDR4",512," SSD","Intel",4,1,15.6,141.21,0,"Windows 11 OS"
"HP",52999,"AMD Ryzen 5",6,6,4,12,8,"DDR4",512," SSD","NVIDIA",4,0,15.6,141.21,0,"Windows 11 OS"
"Acer",112990,"Intel Core i7",16,8,8,24,16,"DDR5",512," SSD","NVIDIA",6,0,16,141.51,0,"Windows 11 OS"
"Dell",37790,"AMD Ryzen 5",6,6,4,12,8,"DDR4",512," SSD","AMD",4,0,14,157.35,0,"Windows 11 OS"
"MSI",55990,"Intel Core i5",8,4,4,12,8,"DDR5",512," SSD","NVIDIA",4,0,15.6,141.21,0,"Windows 11 OS"
"HP",33990,"AMD Ryzen 3",4,4,4,8,8,"LPDDR5",512," SSD","AMD",4,0,15.6,141.21,0,"Windows 11 OS"
"HP",107990,"Intel Core i7",14,6,8,20,16,"DDR4",512," SSD","NVIDIA",6,0,15.6,141.21,0,"Windows 11 OS"
"ASUS",89999,"Intel Core i5",12,4,8,16,16,"LPDDR5",512," SSD","Intel",4,0,14,242.59,1,"Windows 11 OS"
"ASUS",109900,"Intel Core i9",14,6,8,20,16,"LPDDR5",1000," SSD","Intel",6,1,15.6,211.82,0,"Windows 11 OS"
"ASUS",68990,"Intel Core i5",12,4,8,16,16,"DDR4",512," SSD","Intel",4,1,15.6,141.21,0,"Windows 11 OS"
"ASUS",58990,"AMD Ryzen 5",6,6,4,12,8,"DDR4",512," SSD","AMD",2,0,14,161.73,1,"Windows 11 OS"
"Lenovo",20990,"Intel Celeron",10,2,8,12,8,"DDR4",256," SSD","Intel",4,1,15.6,141.21,0,"DOS OS"
"Acer",29990,"Intel Core i3",8,1,8,8,8,"DDR4",512," SSD","Intel",4,0,14,157.35,0,"Windows 11 OS"
"Honor",54990,"Intel Core i5",8,4,4,12,16,"DDR4",512," SSD","Intel",4,0,14,161.73,0,"Windows 11 OS"
"Lenovo",32990,"Intel Core i3",6,2,4,8,8,"DDR4",512," SSD","Intel",4,1,15.6,141.21,0,"Windows 11 OS"
"HP",41697,"AMD Ryzen 5",4,4,4,8,8,"LPDDR5",512," SSD","AMD",4,0,15.6,141.21,0,"Windows 11 OS"
"Dell",49990,"AMD Ryzen 5",6,6,4,12,16,"DDR4",512," SSD","AMD",4,0,14,157.35,0,"Windows 11 OS"
"Lenovo",45990,"Intel Core i5",10,2,8,12,8,"DDR4",512," SSD","Intel",4,0,14,157.35,0,"Windows 11 OS"
"MSI",35090,"Intel Core i5",4,4,4,8,8,"DDR4",512," SSD","Intel",2,1,14,157.35,0,"Windows 11 OS"
"MSI",39499,"Intel Core i5",10,2,8,12,8,"DDR4",512," SSD","Intel",4,1,14,157.35,0,"Windows 11 OS"
"Acer",29990,"Intel Core i3",8,1,8,8,8,"LPDDR5",512," SSD","Intel",2,1,15.6,141.21,0,"Windows 11 OS"
"MSI",159990,"Intel Core i7",12,4,8,16,32,"LPDDR5",1000," SSD","NVIDIA",6,0,16,188.68,1,"Windows 11 OS"
"MSI",41990,"Intel Core i5",10,2,8,12,16,"DDR4",512," SSD","Intel",2,1,14,157.35,0,"Windows 11 OS"
"MSI",32990,"Intel Core i3",2,2,4,4,8,"DDR4",512," SSD","Intel",4,1,14,157.35,0,"Windows 11 OS"
"ASUS",42990,"AMD Ryzen 5",4,4,4,8,8,"LPDDR5",512," SSD","AMD",4,0,15.6,141.21,0,"Windows 11 OS"
"ASUS",43990,"AMD Ryzen 5",4,4,4,8,16,"LPDDR5",512," SSD","AMD",4,0,15.6,141.21,0,"Windows 11 OS"
"ASUS",46990,"AMD Ryzen 3",4,4,4,8,8,"LPDDR5",512," SSD","AMD",4,0,15.6,141.21,0,"Windows 11 OS"
"HP",67151,"AMD Ryzen 5",6,6,4,12,16,"DDR4",512," SSD","NVIDIA",4,0,15.6,141.21,0,"Windows 11 OS"
"Lenovo",33990,"AMD Ryzen 5",6,6,4,12,8,"DDR4",512," SSD","AMD",2,0,15.6,141.21,0,"Windows 11 OS"
"Lenovo",40990,"AMD Ryzen 5",6,6,4,12,16,"DDR4",512," SSD","AMD",4,0,15.6,141.21,0,"Windows 11 OS"
"Lenovo",33990,"AMD Ryzen 3",4,4,4,8,8,"LPDDR5",512," SSD","AMD",4,0,15.6,141.21,0,"Windows 11 OS"
"Samsung",124990,"Intel Core i7",12,4,8,16,16,"LPDDR5",512," SSD","Intel",4,0,14,242.59,0,"Windows 11 OS"
"Samsung",116990,"Intel Core i5",12,4,8,16,16,"LPDDR5",512," SSD","Intel",4,0,14,242.59,0,"Windows 11 OS"
"Samsung",133990,"Intel Core i7",12,4,8,16,16,"LPDDR4X",1000," SSD","Intel",4,0,15.6,141.21,1,"Windows 11 OS"
"Samsung",109990,"Intel Core i5",12,4,8,16,16,"LPDDR4X",512," SSD","Intel",6,0,15.6,141.21,1,"Windows 11 OS"
"HP",25599,"AMD Ryzen 3",2,2,4,4,8,"DDR4",512," SSD","AMD",2,0,14,111.94,0,"Windows 11 OS"
"ASUS",31990,"Intel Core i3",2,2,4,4,8,"DDR4",512," SSD","Intel",4,0,15.6,141.21,0,"Windows 11 OS"
"HP",49728,"AMD Ryzen 5",6,6,4,12,8,"DDR4",512," SSD","AMD",4,0,15.6,141.21,0,"Windows 11 OS"
"HP",36990,"Intel Core i3",2,2,4,4,8,"DDR4",512," SSD","Intel",4,0,15.6,141.21,0,"Windows 11 OS"
"HP",71790,"Intel Core i5",12,4,8,16,16,"DDR4",512," SSD","Intel",4,1,14,242.59,0,"Windows 11 OS"
"Samsung",69990,"Intel Core i5",6,2,4,8,8,"LPDDR4X",512," SSD","Intel",4,1,15.6,141.21,0,"Windows 11 OS"
"Lenovo",49990,"Intel Core i5",4,4,4,8,8,"DDR4",512," SSD","NVIDIA",4,0,15.6,141.21,0,"Windows 11 OS"
"HP",31890,"AMD Ryzen 3",4,4,4,8,8,"DDR4",512," SSD","AMD",4,0,15.6,141.21,0,"Windows 11 OS"
"Dell",47790,"Intel Core i5",10,2,8,12,8,"DDR4",512," SSD","Intel",4,0,15.6,141.21,0,"Windows 11 OS"
"Dell",54990,"Intel Core i5",10,2,8,12,16,"DDR4",512," SSD","Intel",4,0,14,157.35,0,"Windows 11 OS"
"HP",80969,"Intel Core i5",10,2,8,12,16,"LPDDR4X",512," SSD","Intel",2,1,13.4,168.97,1,"Windows 11 OS"
"Dell",46990,"Intel Core i5",10,2,8,12,8,"DDR4",512," SSD","Intel",4,0,14,157.35,0,"Windows 11 OS"
"Microsoft",161300,"Intel Core i7",10,2,8,12,16,"LPDDR5",256," SSD","Intel",4,0,13,266.26,1,"Windows 11 OS"
"Microsoft",261990,"Intel Core i7",10,2,8,12,32,"LPDDR5",1000," SSD","Intel",6,0,13,266.26,1,"Windows 11 OS"
"Microsoft",102990,"Intel Core i5",10,2,8,12,8,"LPDDR5",128," SSD","Intel",2,0,13,266.26,1,"Windows 11 OS"
"Dell",93831,"AMD Ryzen 7",8,8,4,16,16,"DDR5",512," SSD","NVIDIA",6,0,15.6,141.21,0,"Windows 11 OS"
"Microsoft",99990,"Intel Core i5",10,2,8,12,8,"LPDDR5",256," SSD","Intel",2,0,13,266.26,1,"Windows 11 OS"
"Lenovo",66999,"AMD Ryzen 7",8,8,4,16,16,"DDR4",512," SSD","AMD",4,0,14,161.73,1,"Windows 11 OS"
"Dell",45990,"Intel Core i5",10,2,8,12,8,"DDR4",512," SSD","Intel",4,0,15.6,141.21,0,"Windows 11 OS"
"Dell",69994,"Intel Core i5",12,4,8,16,16,"DDR5",512," SSD","Intel",2,1,13.3,226.98,0,"Windows 11 OS"
"HP",75990,"Intel Core i5",10,2,8,12,8,"LPDDR4X",512," SSD","Intel",2,0,13.3,165.63,1,"Windows 11 OS"
"Lenovo",29990,"AMD Ryzen 3",4,4,4,8,8,"DDR4",512," SSD","AMD",4,0,15.6,141.21,0,"Windows 11 OS"
"Lenovo",29990,"Intel Core i3",4,1,4,4,8,"DDR4",256," SSD","Intel",2,1,14.1,156.23,0,"Windows 11 OS"
"Acer",26990,"AMD Ryzen 3",2,2,4,4,8,"DDR4",256," SSD","AMD",4,0,14,111.94,0,"Windows 11 OS"
"HP",63999,"AMD Ryzen 7",8,8,4,16,16,"DDR4",512," SSD","NVIDIA",4,0,16.1,136.83,0,"Windows 11 OS"
"Lenovo",47990,"Intel Core i5",10,2,8,12,8,"DDR4",512," SSD","Intel",4,0,15.6,141.21,0,"Windows 11 OS"
"MSI",56990,"Intel Core i7",8,8,4,16,8,"DDR4",512," SSD","NVIDIA",4,0,15.6,141.21,0,"Windows 10 OS"
"HP",53990,"Intel Core i5",10,2,8,12,16,"DDR4",512," SSD","Intel",4,0,15.6,141.21,0,"Windows 11 OS"
"HP",60479,"Intel Core i5",8,4,4,12,8,"DDR4",512," SSD","NVIDIA",4,0,15.6,141.21,0,"Windows 11 OS"
"HP",49999,"Intel Core i5",10,2,8,12,8,"DDR4",512," SSD","Intel",4,0,15.6,141.21,0,"Windows 11 OS"
"HP",44013,"AMD Ryzen 5",6,6,4,12,16,"DDR4",512," SSD","AMD",4,0,15.6,141.21,0,"Windows 11 OS"
"HP",61499,"Intel Core i5",8,4,4,12,8,"DDR4",512," SSD","NVIDIA",4,0,15.6,141.21,0,"Windows 11 OS"
"Dell",82588,"AMD Ryzen 7",8,8,4,16,16,"DDR5",512," SSD","NVIDIA",4,0,15.6,141.21,0,"Windows 11 OS"
"ASUS",52100,"AMD Ryzen 5",6,6,4,12,16,"DDR4",512," SSD","AMD",4,0,16,141.51,0,"Windows 11 OS"
"Dell",41899,"Intel Core i5",4,4,4,8,8,"DDR4",512," SSD","Intel",4,0,14,157.35,0,"Windows 11 OS"
"Dell",75290,"Intel Core i5",10,2,8,12,8,"DDR4",512," SSD","NVIDIA",2,0,14,161.73,1,"Windows 11 OS"
"Dell",83990,"Intel Core i7",10,2,8,12,16,"DDR4",512," SSD","NVIDIA",2,0,14,161.73,1,"Windows 11 OS"
"MSI",46990,"Intel Core i5",6,6,4,12,8,"DDR4",512," SSD","NVIDIA",4,0,15.6,141.21,0,"Windows 10 OS"
"HP",58990,"Intel Core i5",12,4,8,16,8,"DDR4",512," SSD","Intel",4,1,15.6,141.21,0,"Windows 11 OS"
"HP",76990,"Intel Core i7",10,2,8,12,16,"DDR4",1000," SSD","Intel",4,0,14,157.35,0,"Windows 11 OS"
"HP",61999,"Intel Core i5",12,4,8,16,8,"DDR4",512," SSD","Intel",4,0,15.6,141.21,0,"Windows 11 OS"
"Dell",67990,"Intel Core i5",12,4,8,16,8,"DDR5",512," SSD","NVIDIA",4,0,15.6,141.21,0,"Windows 11 OS"
"Dell",117490,"Intel Core i7",14,6,8,20,16,"DDR5",512," SSD","NVIDIA",6,0,15.6,141.21,0,"Windows 11 OS"
"HP",76999,"AMD Ryzen 7",8,8,4,16,16,"DDR4",512," SSD","NVIDIA",6,0,16.1,136.83,0,"Windows 11 OS"
"ASUS",15990,"Intel Celeron",2,2,4,4,4,"DDR4",128," SSD","Intel",2,0,11.6,135.09,0,"Windows 11 OS"
"ASUS",14490,"Intel Celeron",2,1,4,2,4,"DDR4",128," SSD","Intel",4,0,11.6,135.09,0,"Windows 11 OS"
"Dell",245490,"Intel Core i7",8,8,4,16,16,"DDR4",1000," SSD","NVIDIA",6,0,15.6,141.21,0,"Windows 11 OS"
"HP",76600,"Intel Core i5",12,4,8,16,16,"DDR4",512," SSD","Intel",4,0,15.6,141.21,0,"Windows 11 OS"
"HP",66999,"Intel Core i7",4,4,4,8,16,"DDR4",512," SSD","Intel",4,0,14,157.35,1,"Windows 11 OS"
"Dell",58990,"AMD Ryzen 5",6,6,4,12,16,"DDR4",512," SSD","AMD",4,0,16,141.51,0,"Windows 11 OS"
"HP",38250,"AMD Ryzen 5",6,6,4,12,8,"DDR4",512," SSD","AMD",4,0,15.6,141.21,0,"Windows 11 OS"
"HP",32610,"AMD Ryzen 3",4,4,4,8,8,"DDR4",512," SSD","AMD",4,0,15.6,141.21,0,"Windows 11 OS"
"Lenovo",106305,"AMD Ryzen 7",8,8,4,16,16,"DDR4",1000," SSD","NVIDIA",6,0,16,188.68,0,"Windows 11 OS"
"Dell",114900,"Intel Core i7",4,4,4,8,16,"DDR4",512," SSD","Intel",4,0,14,157.35,0,"Windows 10 OS"
"HP",55999,"AMD Ryzen 5",6,6,4,12,8,"DDR4",512," SSD","NVIDIA",4,0,15.6,141.21,0,"Windows 10 OS"
"Dell",86999,"Intel Core i7",4,4,4,8,16,"DDR4",512," SSD","Intel",2,0,14,157.35,1,"Windows 10 OS"
"Avita",38990,"Intel Core i7",4,4,4,8,16,"DDR4",1000," SSD","Intel",2,1,14,157.35,0,"Windows 10 OS"
"Avita",20490,"AMD Ryzen 5",4,4,4,8,8,"DDR4",512," SSD","AMD",2,0,14,157.35,0,"Windows 10 OS"
"Apple",109999,"Intel Core i7",4,4,4,8,8,"LPDDR4X",512," SSD","Intel",4,0,13.3,226.98,0,"Mac OS"
"Samsung",59411,"Intel Core i5",8,8,4,16,8,"DDR4",1000," SSD","Intel",4,0,13.3,165.63,0,"Windows 10 OS"
"HP",90464,"Intel Core i5",4,4,4,8,8,"DDR4",512," SSD","Intel",4,1,14,157.35,0,"Windows 10 OS"
"Dell",87990,"Intel Core i7",4,4,4,8,8,"DDR4",256," SSD","NVIDIA",4,0,13.3,165.63,0,"Windows 10 OS"
"Honor",56990,"Intel Core i5",8,4,4,12,8,"LPDDR4X",512," SSD","Intel",4,0,16,141.51,0,"Windows 11 OS"
"Honor",54990,"Intel Core i5",8,4,4,12,8,"LPDDR4X",512," SSD","Intel",4,0,14,161.73,0,"Windows 11 OS"
"Lenovo",109990,"Intel Core i7",12,4,8,16,16,"LPDDR5X",512," SSD","NVIDIA",4,0,14,161.73,0,"Windows 11 OS"
"Lenovo",129990,"Intel Core i7",12,4,8,16,16,"LPDDR5X",512," SSD","NVIDIA",4,0,14,161.73,0,"Windows 11 OS"
"Lenovo",63490,"Intel Core i5",10,2,8,12,8,"DDR4",512," SSD","Intel",4,1,16,137.68,0,"Windows 11 OS"
"Infinix",37990,"Intel Core i3",6,2,4,8,8,"LPDDR4X",512," SSD","Intel",4,1,16,141.51,0,"Windows 11 OS"
"MSI",87990,"Intel Core i5",8,4,4,12,16,"DDR4",512," SSD","Intel",4,1,14,161.73,0,"Windows 11 OS"
"Lenovo",30700,"Intel Celeron",2,1,4,2,8,"DDR4",512," SSD","Intel",2,0,15.6,100.45,0,"Windows 11 OS"
"Honor",58990,"Intel Core i5",8,4,4,12,16,"LPDDR4X",512," SSD","Intel",4,0,16,141.51,0,"Windows 11 OS"
"MSI",104990,"AMD Ryzen 7",8,8,4,16,16,"DDR5",512," SSD","NVIDIA",6,0,15.75,139.87,0,"Windows 11 OS"
"MSI",109990,"Intel Core i7",14,6,8,20,32,"DDR4",1000," SSD","Intel",4,1,14,161.73,0,"Windows 11 OS"
"MSI",65990,"AMD Ryzen 5",6,6,4,12,16,"DDR4",512," SSD","NVIDIA",4,0,15.6,141.21,0,"Windows 11 OS"
"MSI",71990,"AMD Ryzen 5",6,6,4,12,16,"DDR4",512," SSD","NVIDIA",4,0,15.6,141.21,0,"Windows 11 OS"
"MSI",81990,"AMD Ryzen 5",6,6,4,12,16,"DDR4",512," SSD","NVIDIA",6,0,15.6,141.21,0,"Windows 11 OS"
"MSI",91990,"AMD Ryzen 7",8,8,4,16,16,"DDR4",1000," SSD","NVIDIA",6,0,15.6,141.21,0,"Windows 11 OS"
"MSI",99990,"AMD Ryzen 7",8,8,4,16,16,"DDR4",1000," SSD","NVIDIA",8,0,15.6,141.21,0,"Windows 11 OS"
"MSI",279990,"Intel Core i9",24,8,16,32,32,"DDR5",2000," SSD","NVIDIA",12,0,17,177.58,0,"Windows 11 OS"
"Infinix",32990,"Intel Core i5",4,4,4,8,8,"LPDDR4X",512," SSD","Intel",4,1,14,157.35,0,"Windows 11 OS"
"MSI",69990,"Intel Core i7",14,6,8,20,16,"DDR4",1000," SSD","Intel",4,1,15.6,141.21,0,"Windows 11 OS"
"MSI",79990,"Intel Core i9",14,6,8,20,16,"DDR4",1000," SSD","Intel",4,1,15.6,141.21,0,"Windows 11 OS"
"MSI",59990,"Intel Core i5",8,4,4,12,16,"DDR4",512," SSD","Intel",4,1,15.6,141.21,0,"Windows 11 OS"
"Chuwi",21990,"Intel Celeron",4,1,4,4,8,"LPDDR5",256," SSD","Intel",2,1,15.6,141.21,0,"Windows 11 OS"
"MSI",199990,"Intel Core Ultra",16,6,8,22,32,"DDR5",1000," SSD","NVIDIA",8,0,16,188.68,0,"Windows 11 OS"
"MSI",58990,"Intel Core i5",8,4,4,12,16,"DDR4",512," SSD","Intel",4,1,14,161.73,0,"Windows 11 OS"
"Lenovo",73882,"Intel Core i5",8,4,4,12,16,"DDR5",512," SSD","NVIDIA",4,0,15.6,141.21,0,"Windows 11 OS"
"MSI",78990,"Intel Core i9",14,6,8,20,16,"DDR4",1000," SSD","Intel",4,1,14,161.73,0,"Windows 11 OS"
"MSI",68990,"Intel Core i7",10,6,4,16,16,"DDR4",1000," SSD","Intel",2,1,14,161.73,0,"Windows 11 OS"
"MSI",99990,"Intel Core Ultra",14,4,8,18,16,"LPDDR5",1000," SSD","Intel",4,0,13.3,255.36,0,"Windows 11 OS"
"Dell",79990,"Intel Core i5",10,6,4,16,16,"DDR5",512," SSD","NVIDIA",6,0,15.6,141.21,0,"Windows 11 OS"
"Lenovo",73990,"Intel Core i5",10,2,8,12,16,"DDR4",512," SSD","Intel",4,0,14,161.73,0,"Windows 11 OS"
"Lenovo",55990,"Intel Core i5",10,2,8,12,16,"DDR4",512," SSD","Intel",4,0,15.6,141.21,0,"Windows 11 OS"
"HP",97990,"Intel Core i7",10,2,8,12,16,"LPDDR5X",1000," SSD","Intel",2,1,14,242.59,0,"Windows 11 OS"
"Infinix",52990,"Intel Core i7",10,2,8,12,16,"LPDDR4X",512," SSD","Intel",4,1,16,141.51,0,"Windows 11 OS"
"Lenovo",28190,"Intel Pentium",4,1,4,4,4,"LPDDR4X",128," Hard Disk","Intel",4,0,14,111.94,0,"Chrome OS"
"HP",58500,"AMD Ryzen 5",6,6,4,12,16,"DDR4",512," SSD","AMD",4,0,15.6,141.21,0,"Windows 11 OS"
"Lenovo",50990,"AMD Ryzen 5",4,4,4,8,16,"DDR4",512," SSD","NVIDIA",4,0,15.6,141.21,0,"Windows 11 OS"
"Lenovo",49990,"Intel Core i3",6,2,4,8,8,"DDR4",512," SSD","Intel",4,0,16,141.51,0,"Windows 11 OS"
"Acer",49199,"Intel Core i5",10,2,8,12,16,"DDR4",1000," SSD","Intel",4,0,15.6,141.21,0,"Windows 11 OS"
"HP",159990,"Intel Core Ultra",16,6,8,22,32,"LPDDR5X",1000," SSD","Intel",4,0,14,242.59,1,"Windows 11 OS"
"HP",159990,"Intel Core Ultra",16,6,8,22,32,"LPDDR5X",1000," SSD","Intel",4,0,14,242.59,1,"Windows 11 OS"
"Acer",73990,"Intel Core i5",8,4,4,12,16,"DDR5",512," SSD","NVIDIA",6,0,15.6,141.21,0,"Windows 11 OS"
"Lenovo",43990,"Intel Core i3",5,1,4,6,8,"LPDDR5",512," SSD","Intel",4,1,15.6,141.21,0,"Windows 11 OS"
"Chuwi",34990,"Intel Core i5",4,4,4,8,16,"DDR4",512," SSD","Intel",4,0,14,185.43,0,"Windows 11 OS"
"Avita",32971,"AMD Ryzen 5",6,6,4,12,8,"DDR4",256," SSD","AMD",4,0,14,157.35,0,"Windows 11 OS"
"Lenovo",145000,"Intel Core i5",5,1,4,5,8,"LPDDR4X",1000," SSD","Intel",4,1,13.3,192.48,1,"Windows 10 OS"
"HP",80640,"AMD Ryzen 5",6,6,4,12,8,"LPDDR5",512," SSD","AMD",4,0,15.6,141.21,1,"Windows 11 OS"
"MSI",113999,"Intel Core Ultra",16,6,8,22,16,"LPDDR5",512," SSD","Intel",4,0,13.3,170.24,0,"Windows 11 OS"
"HP",151490,"Intel Core i7",16,8,8,24,16,"DDR5",512," SSD","NVIDIA",8,0,16.1,136.83,0,"Windows 11 OS"
"Lenovo",53990,"Intel Core i3",6,2,4,8,8,"LPDDR4",512," SSD","Intel",2,1,14,161.73,1,"Windows 11 OS"
"Acer",199999,"Intel Core Ultra",16,6,8,22,32,"LPDDR5X",2000," SSD","NVIDIA",8,0,16,235.85,0,"Windows 11 OS"
"Lenovo",45990,"Intel Core i5",4,4,4,8,8,"DDR4",512," SSD","Intel",4,0,14,111.94,0,"DOS OS"
"Lenovo",48900,"Intel Core i5",4,4,4,8,8,"DDR4",512," SSD","Intel",4,1,15.6,141.21,0,"Windows 11 OS"
"ASUS",34990,"Intel Core i3",6,2,4,8,8,"LPDDR5",128," Hard Disk","Intel",4,1,14,157.35,0,"Chrome OS"
"Lenovo",45990,"Intel Core i5",4,4,4,8,8,"DDR4",512," SSD","Intel",4,1,14,157.35,0,"Windows 10 OS"
"Acer",149900,"AMD Ryzen 7",8,8,4,16,16,"DDR5",1000," SSD","NVIDIA",8,0,16,141.51,0,"Windows 11 OS"
"Lenovo",62990,"Intel Core i7",10,2,8,12,16,"DDR4",512," SSD","Intel",4,1,15.6,141.21,0,"Windows 11 OS"
"Lenovo",81400,"Intel Core i5",12,4,8,16,16,"LPDDR5X",1000," SSD","Intel",4,1,14,161.73,0,"Windows 11 OS"
"Dell",34450,"AMD Ryzen 3",4,4,4,8,8,"LPDDR5",512," SSD","AMD",4,0,15.6,141.21,0,"Windows 11 OS"
"Lenovo",26490,"Intel Celeron",2,1,4,2,8,"DDR4",256," SSD","Intel",4,1,14,111.94,0,"Windows 11 OS"
"HP",51980,"AMD Ryzen 7",8,8,4,16,16,"DDR4",512," SSD","AMD",4,0,15.6,141.21,0,"Windows 11 OS"
"Lenovo",67990,"Intel Core i5",8,4,4,12,16,"DDR4",512," SSD","NVIDIA",4,0,15.6,141.21,0,"Windows 11 OS"
"Dell",34990,"Intel Core i3",2,2,4,4,8,"DDR4",512," SSD","Intel",2,0,15.6,141.21,0,"Windows 11 OS"
"Lenovo",67900,"Intel Core i5",10,2,8,12,8,"DDR4",512," SSD","Intel",4,0,14,157.35,0,"DOS OS"
"Lenovo",31500,"Intel Core i3",2,2,4,4,8,"DDR4",256," SSD","Intel",4,0,15.6,141.21,0,"Windows 11 OS"
"MSI",519990,"Intel Core i9",24,8,16,32,64,"DDR5",4000," SSD","NVIDIA",12,0,17,177.58,0,"Windows 11 OS"
"Acer",50000,"Intel Core i5",4,4,4,8,16,"DDR4",1000," SSD","Intel",4,0,15.6,141.21,0,"Windows 11 OS"
"Lenovo",218990,"Intel Core i7",10,2,8,12,16,"LPDDR5",1000," SSD","Intel",8,0,14,161.73,0,"Windows 11 OS"
"Avita",30834,"Intel Core i3",6,2,4,8,8,"DDR4",512," SSD","Intel",4,1,15.6,141.21,0,"Windows 11 OS"
"Acer",43990,"Intel Core i5",10,2,8,12,8,"DDR4",512," SSD","Intel",4,0,15.6,141.21,0,"Windows 11 OS"
"Avita",19299,"Intel Celeron",2,1,4,2,8,"DDR4",256," SSD","Intel",4,1,14,157.35,0,"Windows 11 OS"
"Lenovo",123190,"Intel Core i7",12,4,8,16,16,"LPDDR5",1000," SSD","Intel",4,1,13.3,226.98,1,"Windows 11 OS"
"Acer",46990,"Intel Core i5",10,2,8,12,8,"DDR4",512," SSD","Intel",4,0,15.6,141.21,0,"Windows 11 OS"
"Avita",20035,"Intel Celeron",2,1,4,2,8,"DDR4",512," SSD","Intel",4,1,15.6,141.21,0,"Windows 11 OS"
"HP",154999,"Intel Core i7",10,2,8,12,16,"LPDDR4X",512," SSD","Intel",4,0,13.5,267.08,1,"Windows 11 OS"
"HP",79000,"Intel Core i5",10,2,8,12,16,"DDR4",512," SSD","Intel",4,0,14,111.94,0,"Windows 11 OS"
"Acer",44990,"Intel Core i5",4,4,4,8,8,"DDR4",1000," SSD","Intel",4,0,15.6,141.21,0,"Windows 11 OS"
"Lenovo",48989,"Intel Core i5",10,2,8,12,8,"DDR4",512," SSD","Intel",4,0,14,157.35,0,"DOS OS"
"Acer",59900,"Intel Core i5",10,2,8,12,16,"LPDDR5",512," SSD","Intel",4,1,14,161.73,0,"Windows 11 OS"
"Dell",88990,"Intel Core i5",10,2,8,12,8,"LPDDR5",512," SSD","Intel",2,1,14,161.73,1,"Windows 11 OS"
"HP",124999,"Intel Core i7",14,6,8,20,16,"DDR4",1000," SSD","NVIDIA",6,0,16,188.68,0,"Windows 11 OS"
"Gigabyte",72990,"Intel Core i5",12,4,8,16,8,"DDR4",512," SSD","NVIDIA",6,0,15.6,141.21,0,"Windows 11 OS"
"Lenovo",52400,"Intel Core i5",4,4,4,8,16,"DDR4",512," SSD","NVIDIA",4,0,15.6,141.21,0,"Windows 11 OS"
"Dell",66990,"Intel Core i5",10,2,8,12,16,"DDR4",1000," SSD","Intel",4,0,15.6,141.21,0,"Windows 11 OS"
"MSI",184990,"Intel Core i7",16,8,8,24,16,"DDR5",1000," SSD","NVIDIA",8,0,16,188.68,0,"Windows 11 OS"
"Lenovo",91190,"Intel Core i5",12,4,8,16,16,"LPDDR5",512," SSD","Intel",4,1,14,161.73,1,"Windows 11 OS"
"ASUS",58990,"AMD Ryzen 5",6,6,4,12,16,"DDR4",1000," SSD","Intel",4,0,15.6,141.21,0,"Windows 11 OS"
"ASUS",62940,"AMD Ryzen 7",8,8,4,16,16,"DDR4",512," SSD","AMD",4,1,15.6,141.21,0,"Windows 11 OS"
"Lenovo",34821,"AMD Ryzen 5",4,4,4,8,8,"DDR5",512," SSD","AMD",4,0,15.6,141.21,0,"Windows 11 OS"
"Lenovo",37800,"Intel Core i3",2,2,4,4,8,"DDR4",512," SSD","Intel",2,0,14,157.35,0,"Windows 11 OS"
"Lenovo",32990,"Intel Core i3",6,2,4,8,8,"DDR4",256," SSD","Intel",4,0,15.6,141.21,0,"Windows 11 OS"
"ASUS",45890,"AMD Ryzen 5",4,4,4,8,16,"LPDDR5",512," SSD","AMD",4,0,14,157.35,0,"Windows 11 OS"
"Acer",53499,"Intel Core i7",4,4,4,8,16,"DDR4",1000," SSD","Intel",4,0,15.6,141.21,0,"Windows 11 OS"
"ASUS",76990,"AMD Ryzen 7",8,8,4,16,16,"DDR4",512," SSD","NVIDIA",4,0,15.6,141.21,0,"Windows 11 OS"
"Acer",23990,"Intel Celeron",2,1,4,2,8,"LPDDR4X",64," SSD","Intel",2,1,14,157.35,0,"Chrome OS"
"Dell",36490,"Intel Core i3",2,2,4,4,8,"DDR4",512," SSD","Intel",4,0,15.6,141.21,0,"Windows 11 OS"
"Dell",47974,"Intel Core i3",6,2,4,8,8,"LPDDR5",256," SSD","Intel",2,0,14,161.73,1,"Windows 11 OS"
"Zebronics",31990,"Intel Core i5",10,2,8,12,8,"DDR4",512," SSD","Intel",4,1,15.6,141.21,0,"Windows 11 OS"
"Acer",65990,"Intel Core i5",8,4,4,12,16,"DDR5",512," SSD","NVIDIA",4,0,15.6,141.21,0,"Windows 11 OS"
"HP",49980,"Intel Core i5",10,2,8,12,8,"DDR4",512," SSD","Intel",4,1,15.6,141.21,0,"Windows 11 OS"
"Acer",63990,"Intel Core i5",8,4,4,12,8,"DDR5",512," SSD","NVIDIA",4,0,15.6,141.21,0,"Windows 11 OS"
"HP",161039,"Intel Core i7",16,8,8,24,16,"DDR5",512," SSD","NVIDIA",6,0,16.1,187.51,0,"Windows 11 OS"
"HP",89990,"AMD Ryzen 7",8,8,4,16,16,"LPDDR5X",1000," SSD","AMD",4,0,14,242.59,0,"Windows 11 OS"
"HP",151990,"Intel Core i7",16,8,8,24,16,"DDR5",512," SSD","NVIDIA",8,0,17.3,127.34,0,"Windows 11 OS"
"Lenovo",80190,"Intel Core i5",12,4,8,16,16,"LPDDR5",512," SSD","Intel",4,1,14,161.73,0,"Windows 11 OS"
"Lenovo",51990,"AMD Ryzen 5",6,6,4,12,8,"DDR4",512," SSD","NVIDIA",4,0,15.6,141.21,0,"Windows 11 OS"
"Lenovo",37990,"AMD Ryzen 5",6,6,4,12,8,"DDR4",512," SSD","AMD",4,0,15.6,141.21,0,"Windows 11 OS"
"ASUS",61786,"Intel Core i5",6,6,4,12,16,"DDR4",512," SSD","NVIDIA",4,0,17.3,127.34,0,"Windows 11 OS"
"Dell",58990,"Intel Core i5",10,2,8,12,8,"LPDDR5",512," SSD","Intel",4,0,14,157.35,0,"Windows 11 OS"
"Lenovo",73990,"Intel Core i5",10,2,8,12,16,"LPDDR4X",512," SSD","Intel",4,1,14,161.73,1,"Windows 11 OS"
"Lenovo",164190,"AMD Ryzen 7",8,8,4,16,16,"DDR5",1000," SSD","NVIDIA",8,0,16,188.68,0,"Windows 11 OS"
"Lenovo",106000,"Intel Core i7",14,6,8,20,16,"LPDDR5X",512," SSD","Intel",4,1,14,161.73,0,"Windows 11 OS"
"Lenovo",87774,"AMD Ryzen 7",8,8,4,16,16,"LPDDR5",512," SSD","NVIDIA",4,0,16,188.68,0,"Windows 11 OS"
"Lenovo",103395,"AMD Ryzen 7",8,8,4,16,16,"DDR4",512," SSD","NVIDIA",6,0,16,188.68,0,"Windows 11 OS"
"Lenovo",39990,"AMD Ryzen 5",4,4,4,8,8,"LPDDR5",512," SSD","AMD",4,0,15.6,141.21,0,"Windows 11 OS"
"Lenovo",298990,"Intel Core i9",24,8,16,32,32,"DDR5",1000," SSD","NVIDIA",12,0,16,188.68,0,"Windows 11 OS"
"Lenovo",72190,"Intel Core i5",8,4,4,12,16,"LPDDR5",512," SSD","Intel",4,1,14,161.73,0,"Windows 11 OS"
"MSI",449990,"Intel Core i9",24,8,16,32,64,"DDR5",2000," SSD","NVIDIA",8,0,16,188.68,0,"Windows 11 OS"
"Lenovo",116190,"Intel Core i7",12,4,8,16,16,"LPDDR5",1000," SSD","AMD",4,0,14,242.59,1,"Windows 11 OS"
"Lenovo",87990,"Intel Core i7",10,2,8,12,16,"LPDDR4X",512," SSD","Intel",4,1,14,161.73,1,"Windows 11 OS"
"Lenovo",32690,"Intel Core i3",6,2,4,8,8,"DDR4",256," SSD","Intel",4,0,15.6,141.21,0,"Windows 11 OS"
"Acer",19990,"Intel Celeron",2,1,4,2,4,"LPDDR4X",64," Hard Disk","Intel",4,1,11.6,141.31,0,"Chrome OS"
"Lenovo",32500,"AMD Ryzen 3",4,4,4,8,8,"LPDDR5",512," SSD","AMD",4,0,15.6,141.21,0,"Windows 11 OS"
"ASUS",86990,"AMD Ryzen 7",8,8,4,16,16,"DDR5",1000," SSD","NVIDIA",4,0,15.6,141.21,0,"Windows 11 OS"
"Acer",60999,"Intel Core i5",10,2,8,12,16,"DDR4",512," SSD","NVIDIA",4,0,15.6,141.21,0,"Windows 11 OS"
"Dell",44890,"Intel Core i5",4,4,4,8,8,"DDR4",512," SSD","Intel",4,1,15.6,141.21,0,"Windows 11 OS"
"Lenovo",39990,"AMD Ryzen 5",4,4,4,8,8,"LPDDR5",512," SSD","AMD",4,0,15.6,141.21,0,"Windows 11 OS"
"ASUS",68990,"AMD Ryzen 5",6,6,4,12,16,"DDR4",1000," SSD","AMD",2,0,14,161.73,1,"Windows 11 OS"
"HP",89900,"Intel Core i5",4,4,4,8,16,"DDR4",512," SSD","Intel",2,0,14,157.35,0,"Windows 11 OS"
"Dell",89990,"Intel Core i7",4,4,4,8,16,"DDR4",512," SSD","Intel",4,0,14,157.35,0,"Windows 11 OS"
"Lenovo",32990,"Intel Core i3",6,2,4,8,8,"DDR4",256," SSD","Intel",4,0,15.6,141.21,0,"Windows 11 OS"
"HP",20990,"AMD Athlon",2,1,4,2,4,"DDR4",256," SSD","AMD",4,1,15.6,100.45,0,"Windows 11 OS"
"Lenovo",26990,"AMD Athlon",2,1,4,2,8,"LPDDR5",512," SSD","AMD",4,0,15.6,100.45,0,"Windows 11 OS"
"Lenovo",28990,"AMD Ryzen 3",4,4,4,8,8,"LPDDR5",512," SSD","AMD",2,0,14,157.35,0,"Windows 11 OS"
"Lenovo",44900,"Intel Core i5",10,2,8,12,8,"DDR4",512," SSD","Intel",2,1,15.6,141.21,0,"Windows 11 OS"
"ASUS",89850,"Intel Core i5",10,6,4,16,16,"DDR5",512," SSD","NVIDIA",6,0,16,141.51,0,"Windows 11 OS"
"MSI",239990,"Intel Core i7",16,8,8,24,32,"DDR5",1000," SSD","NVIDIA",8,0,16,188.68,0,"Windows 11 OS"
"Lenovo",57990,"Intel Core i7",10,2,8,12,16,"DDR4",512," SSD","Intel",4,1,15.6,141.21,0,"Windows 11 OS"
"HP",64490,"Intel Core i5",10,2,8,12,8,"DDR4",512," SSD","Intel",4,1,14,111.94,0,"Windows 11 OS"
"Lenovo",64990,"AMD Ryzen 5",6,6,4,12,16,"LPDDR4X",512," SSD","AMD",2,0,14,161.73,1,"Windows 11 OS"
"Lenovo",42490,"Intel Core i3",5,1,4,6,8,"LPDDR5",512," SSD","Intel",4,0,15.6,141.21,0,"Windows 11 OS"
"HP",124000,"Intel Core i7",10,2,8,12,16,"DDR5",1000," SSD","Intel",8,0,16,141.51,0,"Windows 11 OS"
"Lenovo",35232,"Intel Core i3",2,2,4,4,8,"DDR4",512," SSD","Intel",4,1,15.6,141.21,0,"Windows 11 OS"
"Dell",66450,"Intel Core i5",10,2,8,12,16,"DDR4",1000," SSD","Intel",4,0,15.6,141.21,0,"Windows 11 OS"
"Lenovo",47490,"Intel Core i5",4,4,4,8,16,"DDR4",512," SSD","Intel",4,0,15.6,141.21,0,"Windows 11 OS"
"Acer",35499,"Intel Core i3",2,2,4,4,16,"DDR4",512," SSD","Intel",4,0,15.6,141.21,0,"Windows 11 OS"
"Lenovo",50990,"Intel Core i5",4,4,4,8,8,"DDR4",512," SSD","NVIDIA",4,0,15.6,141.21,0,"Windows 11 OS"
"Lenovo",86190,"AMD Ryzen 7",8,8,4,16,16,"LPDDR4X",1000," SSD","AMD",4,0,13.3,170.24,1,"Windows 11 OS"
"Lenovo",64990,"AMD Ryzen 7",8,8,4,16,16,"DDR4",512," SSD","AMD",4,0,14,161.73,1,"Windows 11 OS"
"Microsoft",89990,"Intel Core i5",10,2,8,12,16,"LPDDR5",256," SSD","Intel",2,0,12.4,148.87,1,"Windows 11 OS"
"Lenovo",128990,"AMD Ryzen 7",8,8,4,16,16,"DDR5",512," SSD","NVIDIA",8,0,16,188.68,0,"Windows 11 OS"
"Dell",107990,"Intel Core i7",10,2,8,12,16,"LPDDR5",1000," SSD","Intel",2,0,14,161.73,1,"Windows 11 OS"
"Lenovo",114190,"AMD Ryzen 7",8,8,4,16,16,"DDR5",512," SSD","NVIDIA",6,0,16,141.51,0,"Windows 11 OS"
"Lenovo",52940,"Intel Core i5",4,4,4,8,8,"DDR4",512," SSD","NVIDIA",4,0,15.6,141.21,0,"Windows 11 OS"
"HP",89990,"Intel Core i7",10,2,8,12,16,"DDR4",512," SSD","Intel",2,1,14,157.35,1,"Windows 11 OS"
"Lenovo",67990,"Intel Core i5",8,4,4,12,16,"DDR4",512," SSD","NVIDIA",4,0,15.6,141.21,0,"Windows 11 OS"
"Lenovo",104900,"Intel Core i7",14,6,8,20,16,"LPDDR5",1000," SSD","Intel",4,1,14.5,208.2,0,"Windows 11 OS"
"HP",36990,"AMD Ryzen 3",4,4,4,8,8,"LPDDR5",512," SSD","AMD",4,0,15.6,141.21,0,"Windows 11 OS"
"Lenovo",69990,"AMD Ryzen 7",8,8,4,16,16,"DDR4",512," SSD","AMD",6,0,16,137.68,0,"Windows 11 OS"
"Lenovo",130990,"AMD Ryzen 7",8,8,4,16,16,"DDR5",512," SSD","NVIDIA",8,0,16,188.68,0,"Windows 11 OS"
"HP",415000,"Intel Core i7",10,2,8,12,16,"LPDDR5",1000," SSD","Intel",12,0,17,188.24,1,"Windows 11 OS"
"ASUS",26100,"Intel Celeron",2,1,4,2,8,"DDR4",512," SSD","Intel",2,1,15.6,100.45,0,"Windows 11 OS"
"ASUS",60890,"AMD Ryzen 7",8,8,4,16,16,"DDR4",1000," SSD","AMD",4,1,15.6,141.21,0,"Windows 11 OS"
"Acer",70990,"Intel Core i5",12,4,8,16,16,"LPDDR5",512," SSD","Intel",4,1,14,242.59,0,"Windows 11 OS"
"ASUS",50990,"Intel Core i5",10,2,8,12,16,"DDR4",512," SSD","Intel",4,0,15.6,141.21,0,"Windows 11 OS"
"Acer",75990,"Intel Core i5",8,4,4,12,8,"DDR5",512," SSD","NVIDIA",6,0,15.6,141.21,0,"Windows 11 OS"
"HP",60299,"AMD Ryzen 5",6,6,4,12,8,"DDR5",512," SSD","NVIDIA",4,0,15.6,141.21,0,"Windows 11 OS"
"Lenovo",36890,"Intel Core i3",2,2,4,4,8,"DDR4",512," SSD","Intel",2,0,15.6,141.21,0,"Windows 11 OS"
"HP",49990,"Intel Core i5",10,2,8,12,8,"DDR4",512," SSD","Intel",4,0,15.6,100.45,0,"Windows 11 OS"
"Lenovo",74490,"Intel Core i5",12,4,8,16,16,"LPDDR5",1000," SSD","Intel",4,0,16,141.51,0,"Windows 11 OS"
"ASUS",69990,"AMD Ryzen 5",6,6,4,12,16,"DDR4",1000," SSD","NVIDIA",4,0,15.6,141.21,0,"Windows 11 OS"
"ASUS",73990,"AMD Ryzen 7",8,8,4,16,16,"DDR4",1000," SSD","NVIDIA",4,0,15.6,141.21,0,"Windows 11 OS"
"ASUS",82990,"Intel Core i7",10,6,4,16,16,"DDR4",1000," SSD","NVIDIA",4,0,16,141.51,0,"Windows 11 OS"
"Gigabyte",71990,"Intel Core i5",8,4,4,12,16,"DDR4",512," SSD","NVIDIA",6,0,15.6,141.21,0,"Windows 11 OS"
"Dell",38990,"Intel Core i3",2,2,4,4,8,"DDR4",512," SSD","Intel",4,0,15.6,141.21,0,"Windows 11 OS"
"Acer",51990,"Intel Core i5",8,4,4,12,8,"DDR4",512," SSD","NVIDIA",4,0,15.6,141.21,0,"Windows 11 OS"
"Dell",57490,"Intel Core i5",10,2,8,12,8,"DDR4",1000," SSD","Intel",4,1,15.6,141.21,0,"Windows 11 OS"
"Lenovo",399999,"Intel Core i9",24,8,16,32,32,"DDR5",1000," SSD","NVIDIA",16,0,16,235.85,0,"Windows 11 OS"
"ASUS",90990,"Intel Core i7",14,6,8,20,16,"DDR5",1000," SSD","NVIDIA",4,0,15.6,141.21,0,"Windows 11 OS"
"ASUS",25751,"Intel Celeron",2,1,4,2,4,"LPDDR4X",64," SSD","Intel",2,1,14,157.35,1,"Chrome OS"
"ASUS",14990,"Intel Celeron",2,1,4,2,4,"LPDDR4X",64," SSD","Intel",2,1,14,157.35,0,"Chrome OS"
"ASUS",15990,"Intel Celeron",2,1,4,2,4,"LPDDR4X",64," SSD","Intel",2,1,15.6,141.21,0,"Chrome OS"
"ASUS",22500,"Intel Celeron",2,1,4,2,4,"LPDDR4X",128," SSD","Intel",2,1,15.6,141.21,0,"Chrome OS"
"ASUS",40739,"Intel Core i3",6,2,4,8,8,"DDR4",512," SSD","Intel",4,1,16,141.51,0,"Windows 11 OS"
"Lenovo",26490,"Intel Celeron",2,1,4,2,8,"DDR4",256," SSD","Intel",2,1,15.6,100.45,0,"Windows 11 OS"
"Gigabyte",130000,"Intel Core i7",10,6,4,16,16,"DDR5",512," SSD","NVIDIA",8,0,16,141.51,0,"Windows 11 OS"
"Gigabyte",86990,"Intel Core i5",12,4,8,16,8,"DDR5",512," SSD","NVIDIA",8,0,15.6,141.21,0,"Windows 11 OS"
"Lenovo",59190,"Intel Core i3",6,2,4,8,8,"LPDDR4X",512," SSD","Intel",4,1,14,161.73,1,"Windows 11 OS"
"Lenovo",62190,"Intel Core i5",8,4,4,12,16,"LPDDR5",512," SSD","Intel",4,0,16,141.51,0,"Windows 11 OS"
"Lenovo",69190,"AMD Ryzen 7",8,8,4,16,16,"DDR4",512," SSD","AMD",4,1,14,161.73,0,"Windows 11 OS"
"Acer",179990,"Intel Core i9",24,8,16,32,16,"DDR5",1000," SSD","NVIDIA",8,0,16,141.51,0,"Windows 11 OS"
"Lenovo",61190,"AMD Ryzen 7",8,8,4,16,16,"DDR4",512," SSD","AMD",4,1,14,161.73,0,"Windows 11 OS"
"ASUS",92990,"Intel Core i7",10,6,4,16,16,"DDR4",512," SSD","NVIDIA",6,0,16,141.51,0,"Windows 11 OS"
"Lenovo",42990,"AMD Ryzen 5",4,4,4,8,8,"LPDDR5",512," SSD","AMD",4,0,15.6,141.21,0,"Windows 11 OS"
"Lenovo",43400,"Intel Core i5",10,2,8,12,8,"DDR4",512," SSD","Intel",4,1,15.6,141.21,0,"DOS OS"
"ASUS",67990,"Intel Core i5",8,4,4,12,16,"DDR4",512," SSD","NVIDIA",4,0,16,141.51,0,"Windows 11 OS"
"ASUS",67990,"Intel Core i5",8,4,4,12,16,"DDR4",512," SSD","NVIDIA",4,0,16,141.51,0,"Windows 11 OS"
"ASUS",69990,"Intel Core i5",8,4,4,12,16,"DDR4",512," SSD","NVIDIA",4,0,14,161.73,0,"Windows 11 OS"
"ASUS",76990,"Intel Core i5",8,4,4,12,16,"DDR4",512," SSD","NVIDIA",6,0,16,141.51,0,"Windows 11 OS"
"MSI",62990,"Intel Core i5",6,6,4,12,16,"DDR4",512," SSD","NVIDIA",4,0,15.6,141.21,0,"Windows 11 OS"
"MSI",85990,"Intel Core i7",10,6,4,16,16,"DDR5",512," SSD","NVIDIA",6,0,15.6,141.21,0,"Windows 11 OS"
"Acer",34990,"AMD Ryzen 5",6,6,4,12,16,"DDR4",512," SSD","AMD",4,0,14,111.94,0,"Windows 11 OS"
"ASUS",35990,"Intel Core i3",6,2,4,8,8,"DDR4",512," SSD","Intel",4,1,15.6,141.21,0,"Windows 11 OS"
"ASUS",68800,"AMD Ryzen 5",6,6,4,12,16,"DDR4",512," SSD","NVIDIA",4,0,15.6,141.21,0,"Windows 11 OS"
"Lenovo",46990,"Intel Core i5",4,4,4,8,8,"DDR4",512," SSD","Intel",4,0,14,111.94,0,"DOS OS"
"Dell",36990,"Intel Core i3",2,2,4,4,8,"DDR4",512," SSD","Intel",4,0,15.6,141.21,0,"Windows 11 OS"
"ASUS",52990,"Intel Core i5",6,6,4,12,16,"DDR4",512," SSD","NVIDIA",4,0,15.6,141.21,0,"Windows 11 OS"
"Lenovo",48990,"AMD Ryzen 7",8,8,4,16,16,"DDR4",512," SSD","AMD",4,0,15.6,141.21,0,"Windows 11 OS"
"HP",153490,"Intel Core i7",16,8,8,24,16,"DDR5",512," SSD","NVIDIA",8,0,16.1,136.83,0,"Windows 11 OS"
"Lenovo",58850,"Intel Core i5",4,4,4,8,8,"DDR4",512," SSD","NVIDIA",4,0,15.6,141.21,0,"Windows 11 OS"
"ASUS",57400,"AMD Ryzen 5",6,6,4,12,16,"DDR4",512," SSD","NVIDIA",4,0,15.6,141.21,0,"Windows 11 OS"
"HP",34000,"AMD Ryzen 3",2,2,4,4,8,"DDR4",512," SSD","AMD",4,0,15.6,141.21,0,"Windows 11 OS"
"ASUS",35990,"AMD Ryzen 3",4,4,4,8,8,"LPDDR5",512," SSD","AMD",4,0,14,157.35,0,"Windows 11 OS"
"Acer",39990,"Intel Core i3",8,1,8,8,8,"DDR4",512," SSD","Intel",2,0,14,161.73,0,"Windows 11 OS"
"Lenovo",70190,"Intel Core i5",12,4,8,16,16,"LPDDR5",512," SSD","Intel",4,1,16,141.51,0,"Windows 11 OS"
"Lenovo",36490,"Intel Core i3",2,2,4,4,8,"DDR4",512," SSD","Intel",2,1,15.6,141.21,0,"Windows 11 OS"
"MSI",56990,"Intel Core i5",6,6,4,12,16,"DDR4",1256,"Hard Disk & SSD","NVIDIA",4,0,15.6,141.21,0,"Windows 11 OS"
"MSI",61990,"Intel Core i5",6,6,4,12,16,"DDR4",1512,"Hard Disk & SSD","NVIDIA",4,0,15.6,141.21,0,"Windows 11 OS"
"Lenovo",67190,"Intel Core i5",8,4,4,12,16,"LPDDR5",512," SSD","Intel",4,1,14,161.73,0,"Windows 11 OS"
"Lenovo",84190,"Intel Core i7",14,6,8,20,16,"LPDDR5",512," SSD","Intel",4,1,16,137.68,0,"Windows 11 OS"
"Dell",36399,"Intel Core i3",2,2,4,4,8,"DDR4",512," SSD","Intel",2,0,15.6,141.21,0,"Windows 11 OS"
"Dell",47460,"Intel Core i3",5,1,4,6,8,"DDR4",1000," SSD","Intel",2,1,15.6,141.21,0,"Windows 11 OS"
"Lenovo",55990,"Intel Core i5",4,4,4,8,16,"DDR4",512," SSD","Intel",4,1,15.6,141.21,0,"Windows 11 OS"
"Dell",82990,"Intel Core i5",10,2,8,12,16,"LPDDR5",1000," SSD","Intel",2,0,14,161.73,1,"Windows 11 OS"
"Dell",105999,"Intel Core i7",12,4,8,16,16,"LPDDR5",1000," SSD","Intel",4,0,13.3,226.98,0,"Windows 11 OS"
"HP",68999,"AMD Ryzen 5",6,6,4,12,16,"DDR4",512," SSD","NVIDIA",4,0,15.6,141.21,0,"Windows 11 OS"
"Dell",76990,"Intel Core i5",10,2,8,12,8,"LPDDR5",1000," SSD","Intel",2,0,14,161.73,1,"Windows 11 OS"
"MSI",134990,"Intel Core i7",10,6,4,16,16,"DDR5",1000," SSD","NVIDIA",8,0,17.3,127.34,0,"Windows 11 OS"
"MSI",90990,"Intel Core i7",10,6,4,16,16,"DDR4",1000," SSD","NVIDIA",6,0,15.6,141.21,0,"Windows 11 OS"
"HP",99990,"Intel Core i5",12,4,8,16,16,"DDR4",512," SSD","NVIDIA",6,0,15.6,141.21,0,"Windows 11 OS"
"MSI",50990,"Intel Core i5",6,6,4,12,16,"DDR4",512," SSD","NVIDIA",4,0,15.6,141.21,0,"Windows 11 OS"
"MSI",47990,"Intel Core i5",6,6,4,12,8,"DDR4",512," SSD","NVIDIA",4,0,15.6,141.21,0,"Windows 11 OS"
"MSI",128990,"Intel Core i7",14,6,8,20,8,"DDR5",1000," SSD","NVIDIA",8,0,17.3,169.78,0,"Windows 11 OS"
"MSI",183990,"Intel Core i9",14,6,8,20,16,"DDR5",1000," SSD","NVIDIA",8,0,17.3,127.34,0,"Windows 11 OS"
"Lenovo",35900,"Intel Core i3",2,2,4,4,8,"DDR4",512," SSD","Intel",4,0,15.6,141.21,0,"Windows 11 OS"
"HP",131990,"Intel Core i5",14,6,8,20,16,"DDR5",512," SSD","NVIDIA",6,0,16.1,136.83,0,"Windows 11 OS"
"HP",237990,"Intel Core i9",24,8,16,32,32,"DDR5",1000," SSD","NVIDIA",8,0,16.1,187.51,0,"Windows 11 OS"
"HP",50990,"AMD Ryzen 5",6,6,4,12,8,"DDR4",512," SSD","AMD",4,0,15.6,141.21,0,"Windows 11 OS"
"ASUS",37990,"Intel Core i3",6,2,4,8,8,"DDR4",512," SSD","Intel",4,1,15.6,141.21,0,"Windows 11 OS"
"Lenovo",56190,"AMD Ryzen 5",6,6,4,12,16,"DDR4",512," SSD","AMD",4,1,14,161.73,0,"Windows 11 OS"
"Chuwi",32999,"Intel Core i5",4,4,4,8,16,"LPDDR4",512," SSD","Intel",4,0,15.6,141.21,0,"Windows 11 OS"
"HP",101990,"Intel Core i7",10,2,8,12,16,"LPDDR4X",512," SSD","Intel",4,1,13.3,255.36,1,"Windows 11 OS"
"HP",231746,"Intel Core i7",10,2,8,12,16,"LPDDR5",512," SSD","Intel",6,0,13.5,170.93,1,"Windows 11 OS"
"MSI",82890,"Intel Core i7",10,6,4,16,8,"DDR5",512," SSD","NVIDIA",6,0,15.6,141.21,0,"Windows 11 OS"
"Lenovo",69000,"Intel Core i5",12,4,8,16,16,"LPDDR5",512," SSD","Intel",4,1,16,141.51,0,"Windows 11 OS"
"Acer",159990,"Intel Core i9",24,8,16,32,16,"DDR5",1000," SSD","NVIDIA",8,0,16,188.68,0,"Windows 11 OS"
"ASUS",69990,"AMD Ryzen 5",6,6,4,12,16,"DDR4",512," SSD","NVIDIA",4,0,15.6,141.21,0,"Windows 11 OS"
"ASUS",77990,"Intel Core i7",10,6,4,16,16,"DDR4",512," SSD","NVIDIA",4,0,16,141.51,0,"Windows 11 OS"
"Dell",35940,"Intel Core i3",2,2,4,4,8,"DDR4",512," SSD","Intel",4,0,15.6,141.21,0,"Windows 11 OS"
"HP",54559,"AMD Ryzen 5",6,6,4,12,16,"DDR4",512," SSD","AMD",4,0,15.6,141.21,0,"Windows 11 OS"
"Lenovo",69990,"Intel Core i5",8,4,4,12,16,"LPDDR5",512," SSD","Intel",4,1,14,161.73,0,"Windows 11 OS"
"MSI",119990,"Intel Core i7",14,6,8,20,16,"LPDDR5",1000," SSD","NVIDIA",4,0,16,188.68,0,"Windows 11 OS"
"Lenovo",85990,"Intel Core i5",8,4,4,12,16,"DDR5",512," SSD","NVIDIA",6,0,15.6,141.21,0,"Windows 11 OS"
"Gigabyte",119990,"Intel Core i5",12,4,8,16,8,"DDR5",512," SSD","NVIDIA",8,0,15.6,141.21,0,"Windows 11 OS"
"ASUS",56990,"Intel Core i5",10,2,8,12,16,"DDR4",512," SSD","Intel",4,0,15.6,141.21,0,"Windows 11 OS"
"Lenovo",92990,"AMD Ryzen 7",8,8,4,16,16,"DDR5",512," SSD","NVIDIA",6,0,15.6,141.21,0,"Windows 11 OS"
"MSI",344990,"Intel Core i9",24,8,16,32,32,"DDR5",2000," SSD","NVIDIA",16,0,17,177.58,0,"Windows 11 OS"
"MSI",284990,"Intel Core i9",24,8,16,32,32,"DDR5",1000," SSD","NVIDIA",12,0,16,188.68,0,"Windows 11 OS"
"Lenovo",100190,"Intel Core i7",10,6,4,16,16,"DDR5",512," SSD","NVIDIA",6,0,15.6,141.21,0,"Windows 11 OS"
"HP",48981,"Intel Core i3",2,2,4,4,8,"DDR4",512," SSD","Intel",4,0,14,111.94,0,"Windows 11 OS"
"Acer",65990,"Intel Core i5",8,4,4,12,8,"DDR4",512," SSD","NVIDIA",4,0,15.6,141.21,0,"Windows 11 OS"
"Acer",34790,"AMD Ryzen 5",6,6,4,12,8,"DDR4",512," SSD","AMD",4,0,15.6,141.21,0,"Windows 11 OS"
"Lenovo",89999,"Intel Core i5",8,4,4,12,8,"DDR5",512," SSD","NVIDIA",8,0,15.6,141.21,0,"Windows 11 OS"
"Dell",84490,"Intel Core i5",12,4,8,16,16,"LPDDR5",512," SSD","Intel",4,0,13.3,226.98,0,"Windows 11 OS"
"Lenovo",222990,"Intel Core i7",10,2,8,12,16,"LPDDR5X",1000," SSD","Intel",4,1,13.3,255.36,1,"Windows 11 OS"
"Dell",257490,"Intel Core i7",14,6,8,20,16,"DDR5",1000," SSD","NVIDIA",6,0,15.6,261.25,1,"Windows 11 OS"
"Dell",80490,"Intel Core i7",12,4,8,16,16,"LPDDR5",512," SSD","Intel",4,0,13.3,226.98,0,"Windows 11 OS"
"ASUS",38990,"Intel Core i3",6,2,4,8,8,"DDR4",512," SSD","Intel",4,1,15.6,141.21,0,"Windows 11 OS"
"Dell",64799,"Intel Core i5",4,4,4,8,16,"DDR4",512," SSD","NVIDIA",2,0,15.6,141.21,0,"Windows 11 OS"
"Lenovo",148990,"Intel Core i9",14,6,8,20,32,"DDR5",1000," SSD","NVIDIA",8,0,16,235.85,0,"Windows 11 OS"
"Acer",86990,"Intel Core i7",14,6,8,20,16,"DDR4",512," SSD","NVIDIA",4,0,15.6,141.21,0,"Windows 11 OS"
"HP",199990,"Intel Core i7",16,8,8,24,16,"DDR5",1000," SSD","NVIDIA",8,0,16.1,187.51,0,"Windows 11 OS"
"Lenovo",89889,"Intel Core i7",14,6,8,20,16,"LPDDR5",512," SSD","Intel",8,1,16,141.51,0,"Windows 11 OS"
"Dell",323990,"Intel Core i9",24,8,16,32,32,"DDR5",1000," SSD","NVIDIA",12,0,16,229.47,0,"Windows 11 OS"
"Dell",453990,"Intel Core i9",14,6,8,20,32,"LPDDR5",2000," SSD","NVIDIA",16,0,16,229.47,0,"Windows 11 OS"
"Dell",53990,"AMD Ryzen 7",8,8,4,16,16,"DDR4",512," SSD","AMD",4,0,14,157.35,0,"Windows 11 OS"
"Dell",199290,"AMD Ryzen 7",8,8,4,16,16,"DDR5",1000," SSD","NVIDIA",8,0,16,141.51,0,"Windows 11 OS"
"MSI",34490,"Intel Core i3",6,2,4,8,8,"DDR4",512," SSD","Intel",2,1,15.6,141.21,0,"Windows 11 OS"
"MSI",89990,"Intel Core i5",12,4,8,16,16,"LPDDR5",512," SSD","NVIDIA",4,0,14,161.73,0,"Windows 11 OS"
"Dell",450990,"Intel Core i9",24,8,16,32,64,"LPDDR5",1000," SSD","NVIDIA",16,0,18,203.97,0,"Windows 11 OS"
"HP",40999,"Intel Core i3",6,2,4,8,8,"DDR4",1000," SSD","Intel",4,1,15.6,141.21,0,"Windows 11 OS"
"Lenovo",74190,"AMD Ryzen 5",6,6,4,12,16,"DDR4",512," SSD","AMD",4,0,13.3,170.24,1,"Windows 11 OS"
"ASUS",69990,"AMD Ryzen 5",6,6,4,12,16,"DDR4",512," SSD","NVIDIA",4,0,15.6,141.21,0,"Windows 11 OS"
"HP",40300,"Intel Core i3",6,2,4,8,16,"DDR4",512," SSD","Intel",4,1,15.6,141.21,0,"Windows 11 OS"
"ASUS",85500,"Intel Core i7",10,6,4,16,16,"DDR4",512," SSD","NVIDIA",4,0,16,141.51,0,"Windows 11 OS"
"Lenovo",42990,"AMD Ryzen 5",4,4,4,8,8,"LPDDR5",512," SSD","AMD",4,1,15.6,141.21,0,"Windows 11 OS"
"ASUS",70990,"Intel Core i5",8,4,4,12,16,"DDR4",512," SSD","NVIDIA",4,0,16,141.51,0,"Windows 11 OS"
"LG",98999,"Intel Core i5",12,4,8,16,16,"LPDDR5",512," SSD","Intel",4,0,14,161.73,0,"Windows 11 OS"
"Dell",303290,"AMD Ryzen 9",12,8,4,24,32,"DDR5",2000," SSD","NVIDIA",12,0,16,141.51,0,"Windows 11 OS"
"Acer",54990,"Intel Core i5",10,2,8,12,8,"LPDDR5",512," SSD","NVIDIA",4,0,15.6,141.21,0,"Windows 11 OS"
"Acer",49990,"Intel Core i5",4,4,4,8,16,"DDR4",512," SSD","Intel",4,0,15.6,141.21,0,"Windows 11 OS"
"ASUS",76990,"AMD Ryzen 7",8,8,4,16,16,"DDR4",512," SSD","NVIDIA",4,0,15.6,141.21,0,"Windows 11 OS"
"HP",126494,"Intel Core i5",10,2,8,12,16,"DDR5",1000," SSD","NVIDIA",4,0,16,141.51,0,"Windows 11 OS"
"Acer",44990,"Intel Core i5",4,4,4,8,8,"DDR4",512," SSD","Intel",4,0,15.6,141.21,0,"Windows 11 OS"
"HP",30590,"Intel Pentium",4,1,4,4,8,"DDR4",512," SSD","Intel",4,1,15.6,100.45,0,"Windows 11 OS"
"HP",26990,"Intel Celeron",4,1,4,4,4,"DDR4",64," Hard Disk","Intel",2,1,14,111.94,1,"Chrome OS"
"HP",96700,"Intel Core i5",10,2,8,12,16,"DDR5",512," SSD","Intel",4,0,14,161.73,0,"Windows 11 OS"
"LG",152499,"Intel Core i7",12,4,8,16,16,"LPDDR5",1000," SSD","Intel",6,0,16,188.68,1,"Windows 11 OS"
"Lenovo",22490,"Intel Celeron",2,1,4,2,4,"DDR4",256," SSD","Intel",2,0,11.6,135.09,0,"Windows 11 OS"
"HP",49990,"Intel Core i3",6,2,4,8,8,"LPDDR5",256," SSD","Intel",4,1,15.6,100.45,0,"Chrome OS"
"HP",373192,"Intel Core i9",14,6,8,20,32,"DDR5",1000," SSD","NVIDIA",16,0,16,283.02,0,"Windows 11 OS"
"HP",390914,"Intel Core i9",14,6,8,20,32,"DDR5",1000," SSD","NVIDIA",12,0,16,283.02,0,"Windows 11 OS"
"LG",117899,"Intel Core i7",12,4,8,16,16,"LPDDR5",512," SSD","Intel",4,0,14,161.73,0,"Windows 11 OS"
"Acer",69990,"Intel Core i5",8,4,4,12,16,"DDR4",512," SSD","NVIDIA",4,0,15.6,141.21,0,"Windows 11 OS"
"Dell",70790,"Intel Core i5",10,2,8,12,16,"LPDDR5",1000," SSD","Intel",4,0,14,161.73,0,"Windows 11 OS"
"HP",23940,"AMD Ryzen 3",2,2,4,4,8,"DDR4",512," SSD","AMD",2,0,15.6,100.45,0,"DOS OS"
"Dell",62990,"Intel Core i5",10,2,8,12,8,"LPDDR5",1000," SSD","Intel",4,0,14,161.73,0,"Windows 11 OS"
"Dell",78980,"Intel Core i5",12,4,8,16,16,"DDR4",512," SSD","Intel",6,0,16,137.68,0,"Windows 11 OS"
"Infinix",66990,"Intel Core i7",14,6,8,20,32,"LPDDR5X",1000," SSD","Intel",4,1,15.6,141.21,0,"Windows 11 OS"
"ASUS",58990,"Intel Core i5",10,2,8,12,16,"DDR4",512," SSD","Intel",4,1,15.6,141.21,0,"Windows 11 OS"
"Lenovo",26490,"Intel Celeron",2,1,4,2,8,"DDR4",256," SSD","Intel",4,1,14,111.94,0,"Windows 11 OS"
"Lenovo",47450,"Intel Core i5",10,2,8,12,8,"DDR4",512," SSD","Intel",4,0,14,157.35,0,"Windows 11 OS"
"Lenovo",42990,"AMD Ryzen 3",4,4,4,8,8,"DDR4",512," SSD","AMD",4,0,14,161.73,0,"Windows 11 OS"
"MSI",69990,"Intel Core i5",8,4,4,12,16,"DDR5",512," SSD","NVIDIA",4,0,15.6,141.21,0,"Windows 11 OS"
"Lenovo",69345,"AMD Ryzen 5",6,6,4,12,8,"DDR4",512," SSD","AMD",4,0,14,161.73,0,"Windows 11 OS"
"Lenovo",51499,"Intel Core i5",4,4,4,8,16,"DDR4",512," SSD","NVIDIA",4,0,15.6,141.21,0,"Windows 11 OS"
"HP",88490,"Intel Core i5",10,2,8,12,16,"LPDDR5",512," SSD","Intel",4,1,15.6,141.21,1,"Windows 11 OS"
"HP",95990,"Intel Core i5",10,2,8,12,16,"LPDDR5",512," SSD","Intel",4,1,15.6,141.21,1,"Windows 11 OS"
"HP",78490,"AMD Ryzen 5",6,6,4,12,16,"LPDDR5",512," SSD","AMD",4,0,15.6,141.21,1,"Windows 11 OS"
"Acer",30990,"Intel Core i3",2,2,4,4,8,"DDR4",256," SSD","Intel",4,0,15.6,141.21,0,"Windows 11 OS"
"HP",36990,"AMD Ryzen 3",4,4,4,8,8,"LPDDR5",512," SSD","AMD",4,0,14,157.35,0,"Windows 11 OS"
"Lenovo",43990,"Intel Core i3",5,1,4,6,8,"LPDDR5",512," SSD","Intel",4,1,15.6,141.21,0,"Windows 11 OS"
"HP",48990,"AMD Ryzen 5",4,4,4,8,16,"LPDDR5",512," SSD","AMD",2,0,14,157.35,0,"Windows 11 OS"
"HP",86490,"AMD Ryzen 5",6,6,4,12,16,"LPDDR5",512," SSD","AMD",4,0,15.6,141.21,1,"Windows 11 OS"
"Dell",58490,"Intel Core i3",6,2,4,8,8,"LPDDR5",1000," SSD","Intel",2,0,14,161.73,1,"Windows 11 OS"
"HP",98990,"Intel Core i7",14,6,8,20,16,"DDR4",512," SSD","Intel",4,1,14,242.59,0,"Windows 11 OS"
"Lenovo",50999,"AMD Ryzen 5",6,6,4,12,16,"DDR4",512," SSD","AMD",4,0,14,157.35,0,"Windows 11 OS"
"Lenovo",53990,"Intel Core i5",10,2,8,12,8,"DDR4",512," SSD","Intel",4,0,15.6,141.21,0,"Windows 11 OS"
"Acer",32149,"Intel Core i3",2,2,4,4,8,"DDR4",512," SSD","Intel",2,0,15.6,141.21,0,"Windows 11 OS"
"MSI",171990,"Intel Core i7",10,6,4,16,16,"DDR5",1000," SSD","NVIDIA",8,0,15.6,188.28,0,"Windows 11 OS"
"MSI",39990,"Intel Core i5",4,4,4,8,16,"DDR4",512," SSD","Intel",4,1,14,157.35,0,"Windows 11 OS"
"Infinix",59990,"Intel Core i7",14,6,8,20,16,"LPDDR5X",512," SSD","Intel",4,1,15.6,141.21,0,"Windows 11 OS"
"Chuwi",24990,"Intel Core i3",2,2,4,4,8,"DDR4",512," SSD","Intel",2,0,14,161.73,0,"Windows 11 OS"
"HP",115558,"AMD Ryzen 5",6,6,4,12,16,"DDR5",1512,"Hard Disk & SSD","NVIDIA",4,0,15.6,141.21,0,"Windows 11 OS"
"Dell",44890,"AMD Ryzen 5",4,4,4,8,8,"LPDDR5",512," SSD","AMD",4,0,15.6,141.21,0,"Windows 11 OS"
"HP",117000,"Intel Core i7",10,2,8,12,16,"LPDDR5",1000," SSD","Intel",4,0,15.6,141.21,1,"Windows 11 OS"
"Lenovo",58400,"Intel Core i3",6,2,4,8,8,"LPDDR4",512," SSD","Intel",2,1,14,157.35,1,"Windows 11 OS"
"HP",48490,"AMD Ryzen 5",4,4,4,8,16,"LPDDR5",512," SSD","AMD",4,0,14,157.35,0,"Windows 11 OS"
"HP",44347,"AMD Ryzen 5",4,4,4,8,8,"LPDDR5",512," SSD","AMD",2,0,14,157.35,0,"Windows 11 OS"
"HP",56267,"AMD Ryzen 7",8,8,4,16,16,"DDR4",512," SSD","AMD",6,0,15.6,141.21,0,"Windows 11 OS"
"ASUS",145999,"AMD Ryzen 9",8,8,4,16,16,"DDR5",1000," SSD","NVIDIA",6,0,14,215.63,0,"Windows 11 OS"
"ASUS",57590,"Intel Core i5",6,6,4,12,8,"DDR4",1000," SSD","NVIDIA",4,0,15.6,141.21,0,"Windows 11 OS"
"Dell",84899,"Intel Core i7",10,2,8,12,16,"LPDDR5",512," SSD","Intel",4,0,14,157.35,0,"Windows 11 OS"
"Lenovo",64190,"AMD Ryzen 5",6,6,4,12,8,"DDR4",512," SSD","NVIDIA",4,0,15.6,141.21,0,"Windows 11 OS"
"Lenovo",54990,"Intel Core i5",4,4,4,8,16,"DDR4",512," SSD","NVIDIA",4,0,15.6,141.21,0,"Windows 11 OS"
"HP",43400,"AMD Ryzen 5",4,4,4,8,8,"LPDDR5",512," SSD","AMD",4,0,14,157.35,0,"Windows 11 OS"
"MSI",109990,"Intel Core i7",10,6,4,16,16,"DDR5",512," SSD","NVIDIA",8,0,15.6,141.21,0,"Windows 11 OS"
"MSI",83500,"Intel Core i7",6,6,4,12,8,"DDR4",512," SSD","NVIDIA",4,0,17.3,127.34,0,"Windows 10 OS"
"Dell",46899,"Intel Core i3",6,2,4,8,8,"DDR4",512," SSD","Intel",4,0,16,137.68,0,"Windows 11 OS"
"Acer",31899,"Intel Core i3",8,1,8,8,8,"DDR4",256," SSD","Intel",4,0,15.6,141.21,0,"Windows 11 OS"
"Dell",53490,"AMD Ryzen 5",6,6,4,12,8,"LPDDR5",512," SSD","AMD",4,0,16,141.51,0,"Windows 11 OS"
"Lenovo",32900,"AMD Ryzen 3",4,4,4,8,8,"LPDDR5",512," SSD","AMD",4,0,15.6,141.21,0,"Windows 11 OS"
"MSI",51290,"Intel Core i5",6,6,4,12,16,"DDR4",512," SSD","NVIDIA",4,0,15.6,141.21,0,"Windows 11 OS"
"MSI",107990,"AMD Ryzen 7",8,8,4,16,16,"DDR5",1000," SSD","NVIDIA",8,0,17.3,127.34,0,"Windows 11 OS"
"Acer",89990,"Intel Core i7",10,6,4,16,16,"DDR4",512," SSD","NVIDIA",6,0,15.6,141.21,0,"Windows 11 OS"
"MSI",99990,"AMD Ryzen 7",8,8,4,16,16,"DDR5",1000," SSD","NVIDIA",8,0,15.6,141.21,0,"Windows 11 OS"
"Acer",53990,"Intel Core i5",10,2,8,12,8,"LPDDR5",512," SSD","Intel",4,0,14,161.73,0,"Windows 11 OS"
"MSI",74990,"AMD Ryzen 5",6,6,4,12,16,"DDR5",512," SSD","NVIDIA",6,0,15.6,141.21,0,"Windows 11 OS"
"MSI",94990,"AMD Ryzen 7",8,8,4,16,16,"DDR5",1000," SSD","NVIDIA",6,0,17.3,127.34,0,"Windows 11 OS"
"MSI",77990,"AMD Ryzen 5",6,6,4,12,16,"DDR5",512," SSD","NVIDIA",6,0,15.6,141.21,0,"Windows 11 OS"
"MSI",92990,"AMD Ryzen 7",8,8,4,16,16,"DDR5",1000," SSD","NVIDIA",6,0,15.6,141.21,0,"Windows 11 OS"
"ASUS",48990,"Intel Core i5",10,2,8,12,8,"DDR4",512," SSD","Intel",4,1,15.6,141.21,0,"Windows 11 OS"
"HP",38900,"Intel Core i3",6,2,4,8,8,"DDR4",512," SSD","AMD",4,0,15.6,100.45,0,"Windows 11 OS"
"Lenovo",94890,"Intel Core i7",12,4,8,16,16,"DDR4",512," SSD","Intel",4,0,14,161.73,0,"Windows 11 OS"
"MSI",60990,"Intel Core i7",10,2,8,12,8,"DDR4",512," SSD","Intel",4,1,14,157.35,0,"Windows 11 OS"
"MSI",50990,"Intel Core i7",10,2,8,12,16,"DDR4",512," SSD","Intel",4,1,14,157.35,0,"Windows 11 OS"
"Dell",202490,"Intel Core i7",12,4,8,16,32,"LPDDR5",1000," SSD","Intel",4,0,13.4,337.93,1,"Windows 11 OS"
"Dell",279490,"Intel Core i7",14,6,8,20,32,"DDR5",1000," SSD","NVIDIA",6,0,15.6,261.25,1,"Windows 11 OS"
"Dell",303490,"Intel Core i7",14,6,8,20,32,"DDR5",1000," SSD","NVIDIA",8,0,17,266.37,1,"Windows 11 OS"
"Lenovo",157544,"Intel Core i5",12,4,8,16,16,"DDR5",1000," SSD","NVIDIA",8,0,16,235.85,0,"Windows 11 OS"
"Lenovo",286200,"Intel Core i9",24,8,16,32,32,"DDR5",1000," SSD","NVIDIA",12,0,16,188.68,0,"Windows 11 OS"
"Lenovo",142190,"AMD Ryzen 7",8,8,4,16,16,"DDR5",1000," SSD","NVIDIA",8,0,16,188.68,0,"Windows 11 OS"
"Lenovo",119500,"Intel Core i7",10,2,8,12,16,"DDR4",512," SSD","Intel",4,0,14,157.35,0,"Windows 11 OS"
"LG",205000,"Intel Core i5",12,4,8,16,8,"LPDDR5",256," SSD","Intel",8,0,16,188.68,1,"Windows 11 OS"
"LG",142990,"Intel Core i7",12,4,8,16,16,"LPDDR5",1000," SSD","NVIDIA",4,0,16,188.68,0,"Windows 11 OS"
"LG",127000,"Intel Core i5",12,4,8,16,8,"LPDDR5",512," SSD","Intel",4,0,14,161.73,1,"Windows 11 OS"
"MSI",52990,"AMD Ryzen 7",8,8,4,16,16,"DDR4",512," SSD","AMD",4,0,14,157.35,0,"Windows 11 OS"
"Lenovo",80999,"Intel Core i5",10,2,8,12,16,"DDR4",1000," SSD","Intel",4,1,14,157.35,0,"Windows 11 OS"
"Dell",42499,"AMD Ryzen 5",6,6,4,12,8,"DDR4",512," SSD","AMD",4,0,15.6,141.21,0,"Windows 11 OS"
"LG",89799,"AMD Ryzen 7",8,8,4,16,16,"DDR4",512," SSD","AMD",4,0,16,141.51,1,"Windows 11 OS"
"Lenovo",45490,"Intel Core i5",10,2,8,12,8,"DDR4",512," SSD","Intel",2,1,14,157.35,0,"Windows 11 OS"
"ASUS",69990,"Intel Core i5",8,4,4,12,16,"DDR4",512," SSD","NVIDIA",4,0,14,161.73,0,"Windows 11 OS"
"Lenovo",33990,"AMD Ryzen 5",6,6,4,12,8,"DDR4",512," SSD","AMD",4,0,15.6,141.21,0,"DOS OS"
"Lenovo",39999,"AMD Ryzen 5",6,6,4,12,8,"DDR4",512," SSD","AMD",2,0,15.6,141.21,0,"Windows 11 OS"
"ASUS",35083,"Intel Core i3",2,2,4,4,8,"DDR4",512," SSD","Intel",4,1,15.6,141.21,0,"Windows 11 OS"
"Acer",54499,"Intel Core i5",8,4,4,12,16,"DDR4",512," SSD","NVIDIA",4,0,15.6,141.21,0,"Windows 11 OS"
"Lenovo",26990,"AMD Ryzen 3",4,4,4,8,8,"LPDDR5",512," SSD","AMD",4,0,15.6,141.21,0,"DOS OS"
"ASUS",62990,"AMD Ryzen 7",8,8,4,16,16,"DDR4",512," SSD","NVIDIA",4,0,15.6,141.21,0,"Windows 11 OS"
"Dell",199990,"Intel Core i7",10,6,4,16,16,"LPDDR5",1000," SSD","NVIDIA",6,0,14,215.63,0,"Windows 11 OS"
"HP",56999,"Intel Core i5",6,6,4,12,8,"DDR4",512," SSD","NVIDIA",4,0,16.1,136.83,0,"Windows 11 OS"
"ASUS",34990,"Intel Core i3",2,2,4,4,8,"DDR4",512," SSD","Intel",4,1,14,157.35,0,"Windows 11 OS"
"Lenovo",36990,"Intel Core i3",6,2,4,8,8,"DDR4",512," SSD","Intel",4,1,15.6,141.21,0,"Windows 11 OS"
"Dell",94990,"Intel Core i7",10,2,8,12,16,"DDR4",512," SSD","NVIDIA",4,0,16,137.68,0,"Windows 11 OS"
"Lenovo",46990,"Intel Core i5",10,2,8,12,8,"DDR4",512," SSD","Intel",2,1,14,157.35,0,"Windows 11 OS"
"Lenovo",45900,"Intel Core i5",10,2,8,12,8,"DDR4",512," SSD","Intel",4,1,15.6,141.21,0,"Windows 11 OS"
"Dell",79990,"Intel Core i5",10,2,8,12,16,"LPDDR5",512," SSD","Intel",4,0,16,188.68,0,"Windows 11 OS"
"Lenovo",59990,"Intel Core i7",4,4,4,8,16,"DDR4",512," SSD","Intel",4,1,15.6,141.21,0,"Windows 11 OS"
"HP",27490,"AMD Athlon",2,1,4,2,8,"DDR4",512," SSD","AMD",2,0,15.6,100.45,0,"Windows 11 OS"
"HP",55999,"Intel Core i5",6,6,4,12,8,"DDR4",512," SSD","NVIDIA",4,0,16.1,136.83,0,"Windows 11 OS"
"Dell",166490,"Intel Core i7",14,6,8,20,32,"DDR5",1000," SSD","NVIDIA",8,0,16,188.68,0,"Windows 11 OS"
"Dell",80490,"Intel Core i5",10,2,8,12,16,"LPDDR5",512," SSD","Intel",4,0,14,161.73,1,"Windows 11 OS"
"Dell",99950,"Intel Core i7",10,2,8,12,16,"LPDDR5",512," SSD","Intel",4,0,14,161.73,1,"Windows 11 OS"
"HP",26800,"Intel Pentium",4,1,4,4,8,"DDR4",512," SSD","Intel",2,0,14,111.94,0,"Windows 11 OS"
"Dell",67890,"Intel Core i5",10,2,8,12,16,"LPDDR5",512," SSD","Intel",4,0,14,157.35,0,"Windows 11 OS"
"Dell",73990,"Intel Core i5",10,2,8,12,8,"LPDDR5",512," SSD","Intel",2,0,14,161.73,1,"Windows 11 OS"
"Dell",88990,"Intel Core i7",10,2,8,12,16,"LPDDR5",512," SSD","Intel",4,0,14,157.35,0,"Windows 11 OS"
"Infinix",34990,"Intel Core i5",4,4,4,8,16,"LPDDR4X",512," SSD","Intel",2,1,14,157.35,0,"Windows 11 OS"
"Dell",63220,"Intel Core i5",10,2,8,12,8,"DDR4",512," SSD","Intel",4,1,15.6,141.21,0,"Windows 11 OS"
"Dell",58990,"Intel Core i5",10,2,8,12,8,"LPDDR5",512," SSD","Intel",4,0,14,157.35,0,"Windows 11 OS"
"MSI",247999,"Intel Core i9",14,6,8,20,32,"DDR5",1000," SSD","NVIDIA",8,0,17,177.58,0,"Windows 11 OS"
"MSI",292990,"Intel Core i9",14,6,8,20,32,"DDR5",1000," SSD","NVIDIA",8,0,16,283.02,0,"Windows 11 OS"
"HP",58800,"AMD Ryzen 5",6,6,4,12,8,"DDR4",512," SSD","AMD",4,0,15.6,141.21,0,"Windows 11 OS"
"ASUS",54999,"AMD Ryzen 5",6,6,4,12,8,"DDR4",512," SSD","AMD",4,0,16,141.51,0,"Windows 11 OS"
"Dell",94490,"Intel Core i5",10,2,8,12,8,"LPDDR5",512," SSD","Intel",4,0,16,141.51,1,"Windows 11 OS"
